[2026-08-01 21:00:15] [INFO] Campaign: cmp_3802af22a9345acecdadd6b3 | Job: N/A | Campaign created (queued) with 1 recipients ({"recipient_group":"selected","scheduled_at":"2026-08-01 21:00:14"})
[2026-08-01 21:00:17] [INFO] Campaign: cmp_3802af22a9345acecdadd6b3 | Job: job_90e51f1f36f08f108221_0 | Dispatched to langatgift6@gmail.com via configured mail driver 
[2026-08-01 23:26:51] [INFO] Campaign: cmp_ec8f576c1f49c9a7f52f7e07 | Job: N/A | Campaign created (queued) with 2 recipients ({"recipient_group":"selected","scheduled_at":"2026-08-01 23:26:51"})
[2026-08-01 23:26:53] [INFO] Campaign: cmp_ec8f576c1f49c9a7f52f7e07 | Job: job_ed27ea5b991c777a701d_0 | Dispatched to gacks8013@gmail.com via mail driver 
[2026-08-01 23:26:55] [INFO] Campaign: cmp_ec8f576c1f49c9a7f52f7e07 | Job: job_d6045c5be7ab3f7b9148_1 | Dispatched to gackstoneb@gmail.com via mail driver 
[2026-08-01 23:26:55] [INFO] Campaign: cmp_3802af22a9345acecdadd6b3 | Job: N/A | Campaign completed all email dispatches 
[2026-08-01 23:26:55] [INFO] Campaign: cmp_ec8f576c1f49c9a7f52f7e07 | Job: N/A | Campaign completed all email dispatches 
[2026-08-02 08:12:04] [INFO] Campaign: cmp_e761c9a28b5604429ace869a | Job: N/A | Campaign created (queued) with 725 recipients ({"recipient_group":"trial","scheduled_at":"2026-08-02 08:12:04"})
[2026-08-02 08:12:04] [INFO] Campaign: cmp_e761c9a28b5604429ace869a | Job: job_9eebb5a05879fd7481cd_0 | Dispatched to advocatefinness@gmail.com via mail driver 
[2026-08-02 08:12:04] [INFO] Campaign: cmp_e761c9a28b5604429ace869a | Job: job_5d32967835b33f72ce14_1 | Dispatched to jonasema2023@gmail.com via mail driver 
[2026-08-02 08:12:05] [INFO] Campaign: cmp_e761c9a28b5604429ace869a | Job: job_b202fc83862f97f4abcc_2 | Dispatched to libertytraders51@gmail.com via mail driver 
[2026-08-02 08:12:05] [INFO] Campaign: cmp_e761c9a28b5604429ace869a | Job: job_877310768dd670cf0144_3 | Dispatched to masterminds@gmail.com via mail driver 
[2026-08-02 08:12:05] [INFO] Campaign: cmp_e761c9a28b5604429ace869a | Job: job_9eb899a82dee574cd784_4 | Dispatched to cecmwa5@gmail.com via mail driver 
[2026-08-02 08:12:05] [INFO] Campaign: cmp_e761c9a28b5604429ace869a | Job: job_00028f0f26b6ceda696b_5 | Dispatched to joel1.boulari@gmail.com via mail driver 
[2026-08-02 08:12:05] [INFO] Campaign: cmp_e761c9a28b5604429ace869a | Job: job_2e448871f6a5ee2e21e5_6 | Dispatched to towngoitsemodimo@gmail.com via mail driver 
[2026-08-02 08:12:06] [INFO] Campaign: cmp_e761c9a28b5604429ace869a | Job: job_3cd1a63745fc4511fb9a_7 | Dispatched to johnelga@tutanota.com via mail driver 
[2026-08-02 08:12:06] [INFO] Campaign: cmp_e761c9a28b5604429ace869a | Job: job_c85dd03658b34c9463f8_8 | Dispatched to pjephraim@gmail.com via mail driver 
[2026-08-02 08:12:07] [INFO] Campaign: cmp_e761c9a28b5604429ace869a | Job: job_3b1633adb89911747bc3_9 | Dispatched to wanjalaizumarockjimmy@gmail.com via mail driver 
[2026-08-02 08:12:07] [INFO] Campaign: cmp_e761c9a28b5604429ace869a | Job: job_8e02e66e69977e37fe28_10 | Dispatched to cherohellen14@gmail.com via mail driver 
[2026-08-02 08:12:07] [INFO] Campaign: cmp_e761c9a28b5604429ace869a | Job: job_29806e22f5ec74e9e8f2_11 | Dispatched to pinchez11929@gmail.com via mail driver 
[2026-08-02 08:12:07] [INFO] Campaign: cmp_e761c9a28b5604429ace869a | Job: job_329bd1191f827c3a1c73_12 | Dispatched to whittsbrianwhitts207@gmail.com via mail driver 
[2026-08-02 08:12:08] [INFO] Campaign: cmp_e761c9a28b5604429ace869a | Job: job_98d8b16fd1e5e01be200_13 | Dispatched to kiprotichtitus887@gmail.com via mail driver 
[2026-08-02 08:12:08] [INFO] Campaign: cmp_e761c9a28b5604429ace869a | Job: job_c4ef09f2ce03941edee6_14 | Dispatched to brian21yegon@gmail.com via mail driver 
[2026-08-02 08:12:08] [INFO] Campaign: cmp_e761c9a28b5604429ace869a | Job: job_6c21c41ccbef34753df9_15 | Dispatched to ndetijacinta046@gmail.com via mail driver 
[2026-08-02 08:12:08] [INFO] Campaign: cmp_e761c9a28b5604429ace869a | Job: job_9fef86b5780efea59f0a_16 | Dispatched to odhiamboramsley@gmail.com via mail driver 
[2026-08-02 08:12:09] [INFO] Campaign: cmp_e761c9a28b5604429ace869a | Job: job_73aad6ec73d787bb680a_17 | Dispatched to elizabethocharo2@gmail.com via mail driver 
[2026-08-02 08:12:09] [INFO] Campaign: cmp_e761c9a28b5604429ace869a | Job: job_7daf5251c772ea61dbba_18 | Dispatched to catesammy285@gmail.com via mail driver 
[2026-08-02 08:12:09] [INFO] Campaign: cmp_e761c9a28b5604429ace869a | Job: job_94b43dbd21ddd33a2252_19 | Dispatched to anthonymahabir012@gmail.com via mail driver 
[2026-08-02 08:12:09] [INFO] Campaign: cmp_e761c9a28b5604429ace869a | Job: job_90331922b2ba1c91d114_20 | Dispatched to marcwaminja@gmail.com via mail driver 
[2026-08-02 08:12:09] [INFO] Campaign: cmp_e761c9a28b5604429ace869a | Job: job_edfa4c71f004ab052bbb_21 | Dispatched to oraconptyltd@gmail.com via mail driver 
[2026-08-02 08:12:10] [INFO] Campaign: cmp_e761c9a28b5604429ace869a | Job: job_18623d0390d20293e239_22 | Dispatched to felixooga4@gmail.com via mail driver 
[2026-08-02 08:12:10] [INFO] Campaign: cmp_e761c9a28b5604429ace869a | Job: job_a17a5936d580ab70be3e_23 | Dispatched to msanisouley@gmail.com via mail driver 
[2026-08-02 08:12:12] [INFO] Campaign: cmp_e761c9a28b5604429ace869a | Job: job_0f9265c41c497598681f_24 | Dispatched to heykalab@gmail.com via mail driver 
[2026-08-02 08:12:13] [INFO] Campaign: cmp_e761c9a28b5604429ace869a | Job: job_f47791aed117ee617125_25 | Dispatched to simrankingoina@gmail.com via mail driver 
[2026-08-02 08:12:13] [INFO] Campaign: cmp_e761c9a28b5604429ace869a | Job: job_eb16292e717c547c62bd_26 | Dispatched to omarijoshua53@gmail.com via mail driver 
[2026-08-02 08:12:13] [INFO] Campaign: cmp_e761c9a28b5604429ace869a | Job: job_733538b60b5254238ccb_27 | Dispatched to eddienangoro@gmail.com via mail driver 
[2026-08-02 08:12:13] [INFO] Campaign: cmp_e761c9a28b5604429ace869a | Job: job_f1f6dd25984e6dbcbd81_28 | Dispatched to talay1121@gmail.com via mail driver 
[2026-08-02 08:12:13] [INFO] Campaign: cmp_e761c9a28b5604429ace869a | Job: job_e5bf53549faefe43b884_29 | Dispatched to johnickmucheru@gmail.com via mail driver 
[2026-08-02 08:12:14] [INFO] Campaign: cmp_e761c9a28b5604429ace869a | Job: job_43cc6c0a48e873cefdc1_30 | Dispatched to eseoghenelawrence7150@gmail.com via mail driver 
[2026-08-02 08:12:14] [INFO] Campaign: cmp_e761c9a28b5604429ace869a | Job: job_d7c03f8119ec97cc64e3_31 | Dispatched to wafulajoash0@gmail.com via mail driver 
[2026-08-02 08:12:14] [INFO] Campaign: cmp_e761c9a28b5604429ace869a | Job: job_4ee8df4c719855696687_32 | Dispatched to harmlesstrading902@gmail.com via mail driver 
[2026-08-02 08:12:14] [INFO] Campaign: cmp_e761c9a28b5604429ace869a | Job: job_9ddd1da6d9b5e80db425_33 | Dispatched to georgianbaywaterfrontfestival@gmail.com via mail driver 
[2026-08-02 08:12:14] [INFO] Campaign: cmp_e761c9a28b5604429ace869a | Job: job_6068ef9597fab12d1555_34 | Dispatched to ivanson.bett@gmail.com via mail driver 
[2026-08-02 08:12:15] [INFO] Campaign: cmp_e761c9a28b5604429ace869a | Job: job_7f0e72333568db14cac8_35 | Dispatched to gideyyonas1621@gmail.com via mail driver 
[2026-08-02 08:12:15] [INFO] Campaign: cmp_e761c9a28b5604429ace869a | Job: job_5115e3cbcdab824da590_36 | Dispatched to jackline.gnkenya@gmail.com via mail driver 
[2026-08-02 08:12:15] [INFO] Campaign: cmp_e761c9a28b5604429ace869a | Job: job_b1717aacd6582a9bafba_37 | Dispatched to musyokandeti226@gmail.com via mail driver 
[2026-08-02 08:12:15] [INFO] Campaign: cmp_e761c9a28b5604429ace869a | Job: job_192b952d4795fa3818cb_38 | Dispatched to zawadileonard37@gmail.com via mail driver 
[2026-08-02 08:12:15] [INFO] Campaign: cmp_e761c9a28b5604429ace869a | Job: job_0d6f66af2e88aa299e0c_39 | Dispatched to hnnyoike@gmail.com via mail driver 
[2026-08-02 08:12:16] [INFO] Campaign: cmp_e761c9a28b5604429ace869a | Job: job_e1e14e5fddc56ffcb231_40 | Dispatched to mnmaryliz29@gmail.com via mail driver 
[2026-08-02 08:12:16] [INFO] Campaign: cmp_e761c9a28b5604429ace869a | Job: job_ef5454b3c8f771fbfd3c_41 | Dispatched to langatgift6@gmail.com via mail driver 
[2026-08-02 08:12:16] [INFO] Campaign: cmp_e761c9a28b5604429ace869a | Job: job_e1990ff866c77d93aa5d_42 | Dispatched to namakhuvele@gmail.com via mail driver 
[2026-08-02 08:12:16] [INFO] Campaign: cmp_e761c9a28b5604429ace869a | Job: job_3d370ab99e14a198f426_43 | Dispatched to lebmokwena@gmail.com via mail driver 
[2026-08-02 08:12:16] [INFO] Campaign: cmp_e761c9a28b5604429ace869a | Job: job_3b88a29823672dedffbc_44 | Dispatched to kiptookefa34@gmail.com via mail driver 
[2026-08-02 08:12:17] [INFO] Campaign: cmp_e761c9a28b5604429ace869a | Job: job_018ed375a4a84aa2adfc_45 | Dispatched to gituruajames@gmail.com via mail driver 
[2026-08-02 08:12:17] [INFO] Campaign: cmp_e761c9a28b5604429ace869a | Job: job_283c6e34388cb02dc9ba_46 | Dispatched to boscomusyoki999@gmail.com via mail driver 
[2026-08-02 08:12:17] [INFO] Campaign: cmp_e761c9a28b5604429ace869a | Job: job_6c6a6781fb68de512161_47 | Dispatched to bettedmon4@gmail.com via mail driver 
[2026-08-02 08:12:17] [INFO] Campaign: cmp_e761c9a28b5604429ace869a | Job: job_3cdc87891fa92553cf73_48 | Dispatched to faithjepkirui490@gmail.com via mail driver 
[2026-08-02 08:12:17] [INFO] Campaign: cmp_e761c9a28b5604429ace869a | Job: job_34cfb9d28cb221d9fe7f_49 | Dispatched to joelkamukama23@gmail.com via mail driver 
[2026-08-02 08:12:20] [INFO] Campaign: cmp_e761c9a28b5604429ace869a | Job: job_fae0026eba8922484616_50 | Dispatched to arcadefx@gmail.com via mail driver 
[2026-08-02 08:12:21] [INFO] Campaign: cmp_e761c9a28b5604429ace869a | Job: job_b6283e813f79a3625659_51 | Dispatched to spikier_resales8c@icloud.com via mail driver 
[2026-08-02 08:12:21] [INFO] Campaign: cmp_e761c9a28b5604429ace869a | Job: job_ee38209e7d26ad117560_52 | Dispatched to favietrades@gmail.com via mail driver 
[2026-08-02 08:12:21] [INFO] Campaign: cmp_e761c9a28b5604429ace869a | Job: job_c364f39335150a5ed059_53 | Dispatched to jobkegesa@gmail.com via mail driver 
[2026-08-02 08:12:21] [INFO] Campaign: cmp_e761c9a28b5604429ace869a | Job: job_aa8250b301809a165996_54 | Dispatched to patosky167@gmail.com via mail driver 
[2026-08-02 08:12:22] [INFO] Campaign: cmp_e761c9a28b5604429ace869a | Job: job_f036d1d6d2f50118b530_55 | Dispatched to matildakariuki23@gmail.com via mail driver 
[2026-08-02 08:12:22] [INFO] Campaign: cmp_e761c9a28b5604429ace869a | Job: job_c234194abeda38b93eee_56 | Dispatched to mercynam@yahoo.com via mail driver 
[2026-08-02 08:12:22] [INFO] Campaign: cmp_e761c9a28b5604429ace869a | Job: job_16f13f464ff5cb64306e_57 | Dispatched to nicolekwamboka098@gmaik.com via mail driver 
[2026-08-02 08:12:22] [INFO] Campaign: cmp_e761c9a28b5604429ace869a | Job: job_632458b6a2832c4a21a2_58 | Dispatched to davidnyaumanyakweba@gmail.com via mail driver 
[2026-08-02 08:12:22] [INFO] Campaign: cmp_e761c9a28b5604429ace869a | Job: job_73113be83d45ebc03884_59 | Dispatched to abubakaralhassan872@gmail.com via mail driver 
[2026-08-02 08:12:22] [INFO] Campaign: cmp_e761c9a28b5604429ace869a | Job: job_8bdef2c1a1baceed7c47_60 | Dispatched to methusellahbosire@gmail.com via mail driver 
[2026-08-02 08:12:23] [INFO] Campaign: cmp_e761c9a28b5604429ace869a | Job: job_70f5eaf3d298560adec5_61 | Dispatched to ndimualice632@gmail.com via mail driver 
[2026-08-02 08:12:23] [INFO] Campaign: cmp_e761c9a28b5604429ace869a | Job: job_1ec38974aad663217818_62 | Dispatched to stevendecibelndlovu@gmail.com via mail driver 
[2026-08-02 08:12:23] [INFO] Campaign: cmp_e761c9a28b5604429ace869a | Job: job_54bc91b80d58e59e245a_63 | Dispatched to moen23phoenix@gmail.com via mail driver 
[2026-08-02 08:12:24] [INFO] Campaign: cmp_e761c9a28b5604429ace869a | Job: job_297c7839391147536011_64 | Dispatched to b_kerai@yahoo.com via mail driver 
[2026-08-02 08:12:24] [INFO] Campaign: cmp_e761c9a28b5604429ace869a | Job: job_3d3700ff4eb0ec823ca8_65 | Dispatched to wendellpetersen69@gmail.com via mail driver 
[2026-08-02 08:12:24] [INFO] Campaign: cmp_e761c9a28b5604429ace869a | Job: job_4b0b1441308aa73db323_66 | Dispatched to kahatwadianakomugisha@gmail.com via mail driver 
[2026-08-02 08:12:24] [INFO] Campaign: cmp_e761c9a28b5604429ace869a | Job: job_d7d53da575c49148d65f_67 | Dispatched to dantemike8@gmail.com via mail driver 
[2026-08-02 08:12:27] [INFO] Campaign: cmp_e761c9a28b5604429ace869a | Job: job_36c0f5dfc242c3ce2ee3_68 | Dispatched to pixtel24@gmail.com via mail driver 
[2026-08-02 08:12:27] [INFO] Campaign: cmp_e761c9a28b5604429ace869a | Job: job_40d93bcdca3fd0267782_69 | Dispatched to craigtacc@gmail.com via mail driver 
[2026-08-02 08:12:27] [INFO] Campaign: cmp_e761c9a28b5604429ace869a | Job: job_d1e73745ceaf43e18d7a_70 | Dispatched to martintaimoo@gmail.com via mail driver 
[2026-08-02 08:12:27] [INFO] Campaign: cmp_e761c9a28b5604429ace869a | Job: job_52151970e713102c2cb9_71 | Dispatched to ndoloabraham@gmail.com via mail driver 
[2026-08-02 08:12:28] [INFO] Campaign: cmp_e761c9a28b5604429ace869a | Job: job_6b27f3db836c838ca41c_72 | Dispatched to trizzanyokabi@gmail.com via mail driver 
[2026-08-02 08:12:28] [INFO] Campaign: cmp_e761c9a28b5604429ace869a | Job: job_884917051e278f7143a3_73 | Dispatched to silasishemkai@gmail.com via mail driver 
[2026-08-02 08:12:28] [INFO] Campaign: cmp_e761c9a28b5604429ace869a | Job: job_911e5482342a750ba962_74 | Dispatched to rumaan1017@gmail.com via mail driver 
[2026-08-02 08:12:28] [INFO] Campaign: cmp_e761c9a28b5604429ace869a | Job: job_6a8e4b99ebbe82903a5c_75 | Dispatched to mzamost777@gmail.com via mail driver 
[2026-08-02 08:12:29] [INFO] Campaign: cmp_e761c9a28b5604429ace869a | Job: job_399d606071b525138c20_76 | Dispatched to manueltrader3674@gmail.com via mail driver 
[2026-08-02 08:12:29] [INFO] Campaign: cmp_e761c9a28b5604429ace869a | Job: job_979a83935dc7c119a326_77 | Dispatched to ahmednoormuhumed65@gmail.com via mail driver 
[2026-08-02 08:12:31] [INFO] Campaign: cmp_e761c9a28b5604429ace869a | Job: job_1ffb6c85ff4bf03a861a_78 | Dispatched to bonfacewana3072@gmail.com via mail driver 
[2026-08-02 08:12:31] [INFO] Campaign: cmp_e761c9a28b5604429ace869a | Job: job_eb6a08da316cd3e96bbf_79 | Dispatched to juliusn772@gmail.com via mail driver 
[2026-08-02 08:12:31] [INFO] Campaign: cmp_e761c9a28b5604429ace869a | Job: job_8b797575cb9d009eb6b4_80 | Dispatched to umumaiza2016@gmail.com via mail driver 
[2026-08-02 08:12:31] [INFO] Campaign: cmp_e761c9a28b5604429ace869a | Job: job_f991d8028f72ea15aea3_81 | Dispatched to appiahodeddarkwah@gmail.com via mail driver 
[2026-08-02 08:12:31] [INFO] Campaign: cmp_e761c9a28b5604429ace869a | Job: job_023e6f5b9f8f72b28214_82 | Dispatched to josephndolie3@gmail.com via mail driver 
[2026-08-02 08:12:32] [INFO] Campaign: cmp_e761c9a28b5604429ace869a | Job: job_105085d980a35a62b617_83 | Dispatched to mchunubhekithemba45@gmail.com via mail driver 
[2026-08-02 08:12:32] [INFO] Campaign: cmp_e761c9a28b5604429ace869a | Job: job_c9f9e9c763cf00accf02_84 | Dispatched to mohamedhrippe@gmail.com via mail driver 
[2026-08-02 08:12:32] [INFO] Campaign: cmp_e761c9a28b5604429ace869a | Job: job_d5c926eb5933ec62d261_85 | Dispatched to marinahpips22@gmail.com via mail driver 
[2026-08-02 08:12:32] [INFO] Campaign: cmp_e761c9a28b5604429ace869a | Job: job_92c8fa4e212f2e5d64ab_86 | Dispatched to kevinkimutais@gmail.com via mail driver 
[2026-08-02 08:12:32] [INFO] Campaign: cmp_e761c9a28b5604429ace869a | Job: job_2d9b834292c6f8502d65_87 | Dispatched to antonydishon07@gmail.com via mail driver 
[2026-08-02 08:12:32] [INFO] Campaign: cmp_e761c9a28b5604429ace869a | Job: job_9e1a0098a60ac4f09bc7_88 | Dispatched to murithik631@gmail.com via mail driver 
[2026-08-02 08:12:34] [INFO] Campaign: cmp_e761c9a28b5604429ace869a | Job: job_6a7b4bb7068972161668_89 | Dispatched to petermusyokapm4@gmail.com via mail driver 
[2026-08-02 08:12:35] [INFO] Campaign: cmp_e761c9a28b5604429ace869a | Job: job_32f5ace1e3c48c08a02c_90 | Dispatched to wambobeatrice93@gmail.com via mail driver 
[2026-08-02 08:12:35] [INFO] Campaign: cmp_e761c9a28b5604429ace869a | Job: job_acdcc328f31dcad0cb52_91 | Dispatched to jakesmartinez59@gmail.com via mail driver 
[2026-08-02 08:12:35] [INFO] Campaign: cmp_e761c9a28b5604429ace869a | Job: job_b1ee30946df3ec90fe3d_92 | Dispatched to briankeya03@gmail.com via mail driver 
[2026-08-02 08:12:35] [INFO] Campaign: cmp_e761c9a28b5604429ace869a | Job: job_4eea178068bc056bb4ef_93 | Dispatched to xpgante@gmail.com via mail driver 
[2026-08-02 08:12:35] [INFO] Campaign: cmp_e761c9a28b5604429ace869a | Job: job_cdc48900a03e9b764fe7_94 | Dispatched to e4lvispresley@gmail.com via mail driver 
[2026-08-02 08:12:35] [INFO] Campaign: cmp_e761c9a28b5604429ace869a | Job: job_ddd8495f384026a7b60b_95 | Dispatched to sidneywachira5@gmail.com via mail driver 
[2026-08-02 08:12:36] [INFO] Campaign: cmp_e761c9a28b5604429ace869a | Job: job_fbf60b017a6826f7cc04_96 | Dispatched to magnussundy@gmail.com via mail driver 
[2026-08-02 08:12:36] [INFO] Campaign: cmp_e761c9a28b5604429ace869a | Job: job_d8df439a445f625c0640_97 | Dispatched to hariwonders1@gmail.com via mail driver 
[2026-08-02 08:12:36] [INFO] Campaign: cmp_e761c9a28b5604429ace869a | Job: job_a7e0a52983997d3a10a6_98 | Dispatched to nelliesamm50@gmail.com via mail driver 
[2026-08-02 08:12:36] [INFO] Campaign: cmp_e761c9a28b5604429ace869a | Job: job_910727532c37cd4ac522_99 | Dispatched to nicolekwamboka098@gmail.com via mail driver 
[2026-08-02 08:12:37] [INFO] Campaign: cmp_e761c9a28b5604429ace869a | Job: job_e2b5b0da8500257c429e_100 | Dispatched to krizbaptumz@gmail.com via mail driver 
[2026-08-02 08:12:37] [INFO] Campaign: cmp_e761c9a28b5604429ace869a | Job: job_88b067a0ebaf75f84cf5_101 | Dispatched to annieaurest@gmail.com via mail driver 
[2026-08-02 08:12:37] [INFO] Campaign: cmp_e761c9a28b5604429ace869a | Job: job_b81fc307206d7217c997_102 | Dispatched to kyamartina@gmail.com via mail driver 
[2026-08-02 08:12:37] [INFO] Campaign: cmp_e761c9a28b5604429ace869a | Job: job_1431267ebae1892ff37e_103 | Dispatched to mosedmand@gmail.com via mail driver 
[2026-08-02 08:12:37] [INFO] Campaign: cmp_e761c9a28b5604429ace869a | Job: job_b69b5ed3859c0e0b8058_104 | Dispatched to qaleedmoher@gmail.com via mail driver 
[2026-08-02 08:12:38] [INFO] Campaign: cmp_e761c9a28b5604429ace869a | Job: job_93f287331be44347d30f_105 | Dispatched to sipitashadrack@gmail.com via mail driver 
[2026-08-02 08:12:38] [INFO] Campaign: cmp_e761c9a28b5604429ace869a | Job: job_520a9783da510d9d8214_106 | Dispatched to fcsserv1@gmail.com via mail driver 
[2026-08-02 08:12:38] [INFO] Campaign: cmp_e761c9a28b5604429ace869a | Job: job_7d208fb92130086c7577_107 | Dispatched to dmwendwa388@gmail.com via mail driver 
[2026-08-02 08:12:38] [INFO] Campaign: cmp_e761c9a28b5604429ace869a | Job: job_5fd41bda603e403c12b9_108 | Dispatched to philipsiror07@gmail.com via mail driver 
[2026-08-02 08:12:38] [INFO] Campaign: cmp_e761c9a28b5604429ace869a | Job: job_f3d29dbf6746af2e1747_109 | Dispatched to ameignptyltd@gmail.com via mail driver 
[2026-08-02 08:12:39] [INFO] Campaign: cmp_e761c9a28b5604429ace869a | Job: job_10fb3b933127251a8c64_110 | Dispatched to mugimbaarnold@gmail.com via mail driver 
[2026-08-02 08:12:39] [INFO] Campaign: cmp_e761c9a28b5604429ace869a | Job: job_ca44bec3967f3e95a894_111 | Dispatched to ntowwisdom16@gmail.com via mail driver 
[2026-08-02 08:12:39] [INFO] Campaign: cmp_e761c9a28b5604429ace869a | Job: job_e4a33bb3354264ffefdd_112 | Dispatched to chepngetichsam@gmail.com via mail driver 
[2026-08-02 08:12:39] [INFO] Campaign: cmp_e761c9a28b5604429ace869a | Job: job_4f4a3f326ea94d89b4f7_113 | Dispatched to benjaminkipkorir4@gmail.com via mail driver 
[2026-08-02 08:12:39] [INFO] Campaign: cmp_e761c9a28b5604429ace869a | Job: job_f70ef7c25de8005ab410_114 | Dispatched to tmaina903@gmail.com via mail driver 
[2026-08-02 08:12:40] [INFO] Campaign: cmp_e761c9a28b5604429ace869a | Job: job_d46ef564a8a8c94c0663_115 | Dispatched to mutindachristine48@gmail.com via mail driver 
[2026-08-02 08:12:40] [INFO] Campaign: cmp_e761c9a28b5604429ace869a | Job: job_bb6a1f0cfb12b843c500_116 | Dispatched to harrykihuga@gmail.com via mail driver 
[2026-08-02 08:12:40] [INFO] Campaign: cmp_e761c9a28b5604429ace869a | Job: job_ef35e3177eef677ddfab_117 | Dispatched to evanzkorir16@gmail.com via mail driver 
[2026-08-02 08:12:40] [INFO] Campaign: cmp_e761c9a28b5604429ace869a | Job: job_40f9670d8068dc9b2a1d_118 | Dispatched to arcadefx30@gmail.com via mail driver 
[2026-08-02 08:12:40] [INFO] Campaign: cmp_e761c9a28b5604429ace869a | Job: job_f139b4955f6ff221d78d_119 | Dispatched to dgataiku@gmail.com via mail driver 
[2026-08-02 08:12:40] [INFO] Campaign: cmp_e761c9a28b5604429ace869a | Job: job_e2f970c5c76481841717_120 | Dispatched to theodorafaith@gmail.com via mail driver 
[2026-08-02 08:12:41] [INFO] Campaign: cmp_e761c9a28b5604429ace869a | Job: job_fc0e36f48e19c78e98bd_121 | Dispatched to fredkinyanjui22@gmail.com via mail driver 
[2026-08-02 08:12:41] [INFO] Campaign: cmp_e761c9a28b5604429ace869a | Job: job_2758edeb082d323713e1_122 | Dispatched to abfx733@gmail.com via mail driver 
[2026-08-02 08:12:41] [INFO] Campaign: cmp_e761c9a28b5604429ace869a | Job: job_8ba406aa5adc5ab26580_123 | Dispatched to ianklien40@gmail.com via mail driver 
[2026-08-02 08:12:41] [INFO] Campaign: cmp_e761c9a28b5604429ace869a | Job: job_0baf3afc99f81164149a_124 | Dispatched to douglasorandy@gmail.com via mail driver 
[2026-08-02 08:12:42] [INFO] Campaign: cmp_e761c9a28b5604429ace869a | Job: job_d1358492f11c543e4c03_125 | Dispatched to urbanarishaba@gmail.com via mail driver 
[2026-08-02 08:12:42] [INFO] Campaign: cmp_e761c9a28b5604429ace869a | Job: job_0eb9ade2dff5ae1530f2_126 | Dispatched to abenezerpetros46@gmail.com via mail driver 
[2026-08-02 08:12:42] [INFO] Campaign: cmp_e761c9a28b5604429ace869a | Job: job_74f1dcfa07260227806f_127 | Dispatched to kariwoelizabeth@gmail.com via mail driver 
[2026-08-02 08:12:42] [INFO] Campaign: cmp_e761c9a28b5604429ace869a | Job: job_1088d7a291eec793844c_128 | Dispatched to sangdavies89@gmail.com via mail driver 
[2026-08-02 08:12:42] [INFO] Campaign: cmp_e761c9a28b5604429ace869a | Job: job_3c0a1ae8132296b1df64_129 | Dispatched to zajemkhalifa@gmail.com via mail driver 
[2026-08-02 08:12:43] [INFO] Campaign: cmp_e761c9a28b5604429ace869a | Job: job_48bc11cfe992190f89e5_130 | Dispatched to davidmainor.dm@gmail.com via mail driver 
[2026-08-02 08:12:43] [INFO] Campaign: cmp_e761c9a28b5604429ace869a | Job: job_8cbc05fdc7353d337cb7_131 | Dispatched to samanthasilus@gmail.com via mail driver 
[2026-08-02 08:12:43] [INFO] Campaign: cmp_e761c9a28b5604429ace869a | Job: job_e6fe9b7691655bf066ab_132 | Dispatched to pmar9692@gmail.com via mail driver 
[2026-08-02 08:12:43] [INFO] Campaign: cmp_e761c9a28b5604429ace869a | Job: job_f5790bc7129e3f622a1c_133 | Dispatched to nlungisa93@gmail.com via mail driver 
[2026-08-02 08:12:43] [INFO] Campaign: cmp_e761c9a28b5604429ace869a | Job: job_659e0ee22a0b2cf27041_134 | Dispatched to kelvineariga254@gmail.com via mail driver 
[2026-08-02 08:12:44] [INFO] Campaign: cmp_e761c9a28b5604429ace869a | Job: job_ecf0145c6735175f987c_135 | Dispatched to forexmakers521@gmail.com via mail driver 
[2026-08-02 08:12:44] [INFO] Campaign: cmp_e761c9a28b5604429ace869a | Job: job_3fd8901ebc0c8543522a_136 | Dispatched to edwinkiptui@gmail.com via mail driver 
[2026-08-02 08:12:44] [INFO] Campaign: cmp_e761c9a28b5604429ace869a | Job: job_63fc393c7ae74ad6f2d3_137 | Dispatched to mansalati18@gmail.com via mail driver 
[2026-08-02 08:12:44] [INFO] Campaign: cmp_e761c9a28b5604429ace869a | Job: job_5da47b9efeef222946ab_138 | Dispatched to gabrielbuinga2@gmail.com via mail driver 
[2026-08-02 08:12:44] [INFO] Campaign: cmp_e761c9a28b5604429ace869a | Job: job_d380659fff1cef2495ba_139 | Dispatched to victorwambui72@gmail.com via mail driver 
[2026-08-02 08:12:45] [INFO] Campaign: cmp_e761c9a28b5604429ace869a | Job: job_d1a07c86fc981c4f00d7_140 | Dispatched to hakimjuliusjameluramu11@gmail.com via mail driver 
[2026-08-02 08:12:45] [INFO] Campaign: cmp_e761c9a28b5604429ace869a | Job: job_09f5cea5b24c0af69c0b_141 | Dispatched to stephennderitugithiri@gmail.com via mail driver 
[2026-08-02 08:12:45] [INFO] Campaign: cmp_e761c9a28b5604429ace869a | Job: job_1b648227a11bcbeb3be8_142 | Dispatched to richardbangura@outlook.com via mail driver 
[2026-08-02 08:12:45] [INFO] Campaign: cmp_e761c9a28b5604429ace869a | Job: job_09d882c51f9535585281_143 | Dispatched to gacks8013@gmail.com via mail driver 
[2026-08-02 08:12:45] [INFO] Campaign: cmp_e761c9a28b5604429ace869a | Job: job_ec47eac72c97082c83c7_144 | Dispatched to alivindentiger@gmail.com via mail driver 
[2026-08-02 08:12:45] [INFO] Campaign: cmp_e761c9a28b5604429ace869a | Job: job_f77fc9d55a757382c80f_145 | Dispatched to ogendiagwanda@gmail.com via mail driver 
[2026-08-02 08:12:46] [INFO] Campaign: cmp_e761c9a28b5604429ace869a | Job: job_31d341a7a537ad831f95_146 | Dispatched to kiendedoreen358@gmail.com via mail driver 
[2026-08-02 08:12:46] [INFO] Campaign: cmp_e761c9a28b5604429ace869a | Job: job_cdc271d44c115053fc60_147 | Dispatched to unzimaipaul@gmail.com via mail driver 
[2026-08-02 08:12:46] [INFO] Campaign: cmp_e761c9a28b5604429ace869a | Job: job_a7b2085b8124d1d5d791_148 | Dispatched to elphaskipkemboi196@gmail.com via mail driver 
[2026-08-02 08:12:46] [INFO] Campaign: cmp_e761c9a28b5604429ace869a | Job: job_8ae598e2e8420b3f8dbb_149 | Dispatched to juniormashego999@gmail.com via mail driver 
[2026-08-02 08:12:47] [INFO] Campaign: cmp_e761c9a28b5604429ace869a | Job: job_e68d7c6a7db2382e91f3_150 | Dispatched to ahabwejoshua01@gmail.com via mail driver 
[2026-08-02 08:12:47] [INFO] Campaign: cmp_e761c9a28b5604429ace869a | Job: job_889524b6940dd95d5b19_151 | Dispatched to otptest_db4685bf@gmail.com via mail driver 
[2026-08-02 08:12:47] [INFO] Campaign: cmp_e761c9a28b5604429ace869a | Job: job_642f712a84909fc4e1c5_152 | Dispatched to finaltest_3a6c9c4b@gmail.com via mail driver 
[2026-08-02 08:12:47] [INFO] Campaign: cmp_e761c9a28b5604429ace869a | Job: job_add452b5869d92247a2e_153 | Dispatched to kondehassan05@gmail.com via mail driver 
[2026-08-02 08:12:47] [INFO] Campaign: cmp_e761c9a28b5604429ace869a | Job: job_2ba1a96fd8f059d0fe19_154 | Dispatched to kipkemoibrian050@gmail.com via mail driver 
[2026-08-02 08:12:48] [INFO] Campaign: cmp_e761c9a28b5604429ace869a | Job: job_add71a72e8cddd0cc10a_155 | Dispatched to roygoila8@gmail.com via mail driver 
[2026-08-02 08:12:48] [INFO] Campaign: cmp_e761c9a28b5604429ace869a | Job: job_2d92fa8c2bb72b7f5118_156 | Dispatched to brigidwambua97@gmail.com via mail driver 
[2026-08-02 08:12:48] [INFO] Campaign: cmp_e761c9a28b5604429ace869a | Job: job_9bafdffae6553253af88_157 | Dispatched to husseinsheikabddi0@gmail.com via mail driver 
[2026-08-02 08:12:48] [INFO] Campaign: cmp_e761c9a28b5604429ace869a | Job: job_7aab75a66507c05a5c9b_158 | Dispatched to wafulaelvis432@gmail.com via mail driver 
[2026-08-02 08:12:48] [INFO] Campaign: cmp_e761c9a28b5604429ace869a | Job: job_e0806e542958981b6c7b_159 | Dispatched to happyronn9@gmail.com via mail driver 
[2026-08-02 08:12:49] [INFO] Campaign: cmp_e761c9a28b5604429ace869a | Job: job_c78c7c280da6f7f8d30f_160 | Dispatched to authoredphoenix@gmail.com via mail driver 
[2026-08-02 08:12:49] [INFO] Campaign: cmp_e761c9a28b5604429ace869a | Job: job_448fa663f1e27f0dfae6_161 | Dispatched to muangekelvin05@gmail.com via mail driver 
[2026-08-02 08:12:49] [INFO] Campaign: cmp_e761c9a28b5604429ace869a | Job: job_6bb2d2368a2bb5948a89_162 | Dispatched to brynsekeyian@gmail.com via mail driver 
[2026-08-02 08:12:49] [INFO] Campaign: cmp_e761c9a28b5604429ace869a | Job: job_6d5d0d1d4dd75b91cdfe_163 | Dispatched to charlesnjino@gmail.com via mail driver 
[2026-08-02 08:12:49] [INFO] Campaign: cmp_e761c9a28b5604429ace869a | Job: job_15d5b5799de5c098cf7e_164 | Dispatched to shirleenkinara@gmail.com via mail driver 
[2026-08-02 08:12:50] [INFO] Campaign: cmp_e761c9a28b5604429ace869a | Job: job_9c52241ce6eb7b302744_165 | Dispatched to pritallam@gmail.com via mail driver 
[2026-08-02 08:12:50] [INFO] Campaign: cmp_e761c9a28b5604429ace869a | Job: job_637c0d240e485f20cb9b_166 | Dispatched to ambrian70@gmail.com via mail driver 
[2026-08-02 08:12:50] [INFO] Campaign: cmp_e761c9a28b5604429ace869a | Job: job_d72a652af853d71e2659_167 | Dispatched to jimamnim247@gmail.com via mail driver 
[2026-08-02 08:12:50] [INFO] Campaign: cmp_e761c9a28b5604429ace869a | Job: job_2586555f356669a93e95_168 | Dispatched to ivanczar8@gmail.com via mail driver 
[2026-08-02 08:12:50] [INFO] Campaign: cmp_e761c9a28b5604429ace869a | Job: job_abc82966d17582560625_169 | Dispatched to polycarponsongoken@gmail.com via mail driver 
[2026-08-02 08:12:50] [INFO] Campaign: cmp_e761c9a28b5604429ace869a | Job: job_0643b87e059675dfa035_170 | Dispatched to makworopeter7@gmail.com via mail driver 
[2026-08-02 08:12:51] [INFO] Campaign: cmp_e761c9a28b5604429ace869a | Job: job_edb25b353ffb724efe84_171 | Dispatched to sikhumbuzosibanda58@gmail.com via mail driver 
[2026-08-02 08:12:51] [INFO] Campaign: cmp_e761c9a28b5604429ace869a | Job: job_f4c5745f3f5bd6d32ce6_172 | Dispatched to husseinsheikhabdi0@gmail.com via mail driver 
[2026-08-02 08:12:51] [INFO] Campaign: cmp_e761c9a28b5604429ace869a | Job: job_65c10393bc8d07dc1112_173 | Dispatched to danielnwabuenu5@gmail.com via mail driver 
[2026-08-02 08:12:51] [INFO] Campaign: cmp_e761c9a28b5604429ace869a | Job: job_3132e5873d6029d263ee_174 | Dispatched to sc7472050@gmail.com via mail driver 
[2026-08-02 08:12:52] [INFO] Campaign: cmp_e761c9a28b5604429ace869a | Job: job_0fc66f9b5649ed4e17c3_175 | Dispatched to mwangievans7000@gmail.com via mail driver 
[2026-08-02 08:12:52] [INFO] Campaign: cmp_e761c9a28b5604429ace869a | Job: job_18a042caf5ddcd93008c_176 | Dispatched to okinyoteddy@gmail.com via mail driver 
[2026-08-02 08:12:52] [INFO] Campaign: cmp_e761c9a28b5604429ace869a | Job: job_36d0bc1a05ee71ecd258_177 | Dispatched to muzunie@gmail.com via mail driver 
[2026-08-02 08:12:54] [INFO] Campaign: cmp_e761c9a28b5604429ace869a | Job: job_eedd117033378d1bb482_178 | Dispatched to ronaldrotich63@gmail.com via mail driver 
[2026-08-02 08:12:55] [INFO] Campaign: cmp_e761c9a28b5604429ace869a | Job: job_1c14b033fc36663b9e05_179 | Dispatched to ben.benytoh@gmail.com via mail driver 
[2026-08-02 08:12:55] [INFO] Campaign: cmp_e761c9a28b5604429ace869a | Job: job_5855571808b5a28e8f5b_180 | Dispatched to marymukai76@gmail.com via mail driver 
[2026-08-02 08:12:55] [INFO] Campaign: cmp_e761c9a28b5604429ace869a | Job: job_6e149fa74621bc5ffb86_181 | Dispatched to j.piravin@hotmail.com via mail driver 
[2026-08-02 08:12:55] [INFO] Campaign: cmp_e761c9a28b5604429ace869a | Job: job_98061c594cf3a936d683_182 | Dispatched to njenga2011kamau@gmail.com via mail driver 
[2026-08-02 08:12:55] [INFO] Campaign: cmp_e761c9a28b5604429ace869a | Job: job_3d6d5d0c8fd91ea56fd0_183 | Dispatched to frank.kitiku@gmail.com via mail driver 
[2026-08-02 08:12:56] [INFO] Campaign: cmp_e761c9a28b5604429ace869a | Job: job_09b5676ea4ae5c57c97f_184 | Dispatched to sylvestermwang143@gmail.com via mail driver 
[2026-08-02 08:12:56] [INFO] Campaign: cmp_e761c9a28b5604429ace869a | Job: job_efaa54251864131ba7e0_185 | Dispatched to florencewanjau09@gmail.com via mail driver 
[2026-08-02 08:12:56] [INFO] Campaign: cmp_e761c9a28b5604429ace869a | Job: job_5848d75847635632bcc5_186 | Dispatched to ainoarnoldykm@gmail.com via mail driver 
[2026-08-02 08:12:56] [INFO] Campaign: cmp_e761c9a28b5604429ace869a | Job: job_f3810a79868521cade48_187 | Dispatched to cliffmutumabs@gmail.com via mail driver 
[2026-08-02 08:12:56] [INFO] Campaign: cmp_e761c9a28b5604429ace869a | Job: job_24e4ac717bdb3fcc916e_188 | Dispatched to thuitageorge17@gmail.com via mail driver 
[2026-08-02 08:12:57] [INFO] Campaign: cmp_e761c9a28b5604429ace869a | Job: job_cbd396d5545a6248b925_189 | Dispatched to jemo8062@gmail.com via mail driver 
[2026-08-02 08:12:57] [INFO] Campaign: cmp_e761c9a28b5604429ace869a | Job: job_afdd31b81928a05dcbef_190 | Dispatched to sammugisha2016@gmail.com via mail driver 
[2026-08-02 08:12:57] [INFO] Campaign: cmp_e761c9a28b5604429ace869a | Job: job_69f41917b19e73f8733f_191 | Dispatched to briankipngeno13@gmail.com via mail driver 
[2026-08-02 08:12:57] [INFO] Campaign: cmp_e761c9a28b5604429ace869a | Job: job_b3abf631aafa207d7194_192 | Dispatched to okando432@gmail.com via mail driver 
[2026-08-02 08:12:57] [INFO] Campaign: cmp_e761c9a28b5604429ace869a | Job: job_9f6c27dddadf474aa363_193 | Dispatched to shaddiesipita@gmail.com via mail driver 
[2026-08-02 08:12:58] [INFO] Campaign: cmp_e761c9a28b5604429ace869a | Job: job_82c5780d512e15991c8c_194 | Dispatched to aronkemoi@gmail.com via mail driver 
[2026-08-02 08:12:58] [INFO] Campaign: cmp_e761c9a28b5604429ace869a | Job: job_f139e487881bf58b2676_195 | Dispatched to omarkaita94@gmail.com via mail driver 
[2026-08-02 08:12:58] [INFO] Campaign: cmp_e761c9a28b5604429ace869a | Job: job_639537470469cb6a341c_196 | Dispatched to fidempalyrics@gmail.com via mail driver 
[2026-08-02 08:12:58] [INFO] Campaign: cmp_e761c9a28b5604429ace869a | Job: job_47e6ee98b87f116e606e_197 | Dispatched to kiberuhashim091@gmail.com via mail driver 
[2026-08-02 08:12:58] [INFO] Campaign: cmp_e761c9a28b5604429ace869a | Job: job_dd5f8819d03cbab88ba5_198 | Dispatched to siphomoloi76@gmail.com via mail driver 
[2026-08-02 08:12:59] [INFO] Campaign: cmp_e761c9a28b5604429ace869a | Job: job_51f8044fcab12ab501d0_199 | Dispatched to niwamanya.bn@gmail.com via mail driver 
[2026-08-02 08:12:59] [INFO] Campaign: cmp_e761c9a28b5604429ace869a | Job: job_04e8cb3c00d47d1c205a_200 | Dispatched to kenedykinyua003@gmail.com via mail driver 
[2026-08-02 08:12:59] [INFO] Campaign: cmp_e761c9a28b5604429ace869a | Job: job_84347079fb1c7386c5ae_201 | Dispatched to ismaelaboud825@gmail.com via mail driver 
[2026-08-02 08:12:59] [INFO] Campaign: cmp_e761c9a28b5604429ace869a | Job: job_ca93cae37924ceb628b9_202 | Dispatched to korirlincoln7031@gmail.com via mail driver 
[2026-08-02 08:13:00] [INFO] Campaign: cmp_e761c9a28b5604429ace869a | Job: job_c7ad05f7e269ee9b7f6e_203 | Dispatched to arielkibet782@gmail.com via mail driver 
[2026-08-02 08:13:00] [INFO] Campaign: cmp_e761c9a28b5604429ace869a | Job: job_d924d85647fa3dcf8c8f_204 | Dispatched to georgegikonyoweru@gmail.com via mail driver 
[2026-08-02 08:13:00] [INFO] Campaign: cmp_e761c9a28b5604429ace869a | Job: job_64610dc25ed1ad1cf17d_205 | Dispatched to williamkanaremoses@gmail.com via mail driver 
[2026-08-02 08:13:00] [INFO] Campaign: cmp_e761c9a28b5604429ace869a | Job: job_805305c5e2dd5429a5aa_206 | Dispatched to victoronguti05@gmail.com via mail driver 
[2026-08-02 08:13:00] [INFO] Campaign: cmp_e761c9a28b5604429ace869a | Job: job_b2b0f72fce183bfeec88_207 | Dispatched to samuelgitau254@gmail.com via mail driver 
[2026-08-02 08:13:01] [INFO] Campaign: cmp_e761c9a28b5604429ace869a | Job: job_b4c753502f433fe8ec86_208 | Dispatched to alvinwarvis@gmail.com via mail driver 
[2026-08-02 08:13:01] [INFO] Campaign: cmp_e761c9a28b5604429ace869a | Job: job_79808db5f146a5f74537_209 | Dispatched to mercylineronoh75@gmail.com via mail driver 
[2026-08-02 08:13:01] [INFO] Campaign: cmp_e761c9a28b5604429ace869a | Job: job_65966498ac6696a733a0_210 | Dispatched to smashybrandon@gmail.com via mail driver 
[2026-08-02 08:13:01] [INFO] Campaign: cmp_e761c9a28b5604429ace869a | Job: job_61cde25d90ab4c782bf9_211 | Dispatched to bonfacemwesh@gmail.com via mail driver 
[2026-08-02 08:13:01] [INFO] Campaign: cmp_e761c9a28b5604429ace869a | Job: job_729d8bbce7a8e6cff78e_212 | Dispatched to enockmutyaba1@gmail.com via mail driver 
[2026-08-02 08:13:01] [INFO] Campaign: cmp_e761c9a28b5604429ace869a | Job: job_fbc2352242ca5702e69b_213 | Dispatched to naomicherono892@gmail.com via mail driver 
[2026-08-02 08:13:02] [INFO] Campaign: cmp_e761c9a28b5604429ace869a | Job: job_3ec915eb9c1bd56fd4a0_214 | Dispatched to elvisbett142@gmail.com via mail driver 
[2026-08-02 08:13:02] [INFO] Campaign: cmp_e761c9a28b5604429ace869a | Job: job_f071a71cf2837d7ae7cb_215 | Dispatched to mlamboprogress@gmail.com via mail driver 
[2026-08-02 08:13:02] [INFO] Campaign: cmp_e761c9a28b5604429ace869a | Job: job_13792b28217034d14ce1_216 | Dispatched to saulweaponz@gmail.com via mail driver 
[2026-08-02 08:13:02] [INFO] Campaign: cmp_e761c9a28b5604429ace869a | Job: job_45627d95952052cab19e_217 | Dispatched to cornerdrugngifts@aol.com via mail driver 
[2026-08-02 08:13:02] [INFO] Campaign: cmp_e761c9a28b5604429ace869a | Job: job_98f480c434aaf767a0b8_218 | Dispatched to kiptooelvis56@gmail.com via mail driver 
[2026-08-02 08:13:03] [INFO] Campaign: cmp_e761c9a28b5604429ace869a | Job: job_0459190831b5d3ad3807_219 | Dispatched to varbanlimited@gmail.com via mail driver 
[2026-08-02 08:13:03] [INFO] Campaign: cmp_e761c9a28b5604429ace869a | Job: job_dc37917bc1f08a413258_220 | Dispatched to d23349765@gmail.com via mail driver 
[2026-08-02 08:13:03] [INFO] Campaign: cmp_e761c9a28b5604429ace869a | Job: job_2e8b3afc8f3c64d06edf_221 | Dispatched to paulinechenangat@gmail.com via mail driver 
[2026-08-02 08:13:03] [INFO] Campaign: cmp_e761c9a28b5604429ace869a | Job: job_df90379adb615e3b5685_222 | Dispatched to njugunakabata@gmail.com via mail driver 
[2026-08-02 08:13:03] [INFO] Campaign: cmp_e761c9a28b5604429ace869a | Job: job_af21506c5cee13087ffd_223 | Dispatched to sabinaombatij@gmail.com via mail driver 
[2026-08-02 08:13:04] [INFO] Campaign: cmp_e761c9a28b5604429ace869a | Job: job_d707d38cf1dd8ef8a74e_224 | Dispatched to noahk@dpr.com via mail driver 
[2026-08-02 08:13:04] [INFO] Campaign: cmp_e761c9a28b5604429ace869a | Job: job_3a8c6030656ec312e300_225 | Dispatched to markomondi3923@gmail.com via mail driver 
[2026-08-02 08:13:04] [INFO] Campaign: cmp_e761c9a28b5604429ace869a | Job: job_871f5c7abb8db02a1114_226 | Dispatched to 3@gmail.com via mail driver 
[2026-08-02 08:13:05] [INFO] Campaign: cmp_e761c9a28b5604429ace869a | Job: job_d347c3c22e3d60008a86_227 | Dispatched to sheikhzamzam066@gmail.com via mail driver 
[2026-08-02 08:13:05] [INFO] Campaign: cmp_e761c9a28b5604429ace869a | Job: job_6cd4177a8bfde90b180f_228 | Dispatched to neaneneyii44@gmail.com via mail driver 
[2026-08-02 08:13:05] [INFO] Campaign: cmp_e761c9a28b5604429ace869a | Job: job_522b8a7340e752e4773a_229 | Dispatched to kiemarobertmutiso@gmail.com via mail driver 
[2026-08-02 08:13:05] [INFO] Campaign: cmp_e761c9a28b5604429ace869a | Job: job_baaef10434fb6ee07d4d_230 | Dispatched to geekmoney175@gmail.com via mail driver 
[2026-08-02 08:13:05] [INFO] Campaign: cmp_e761c9a28b5604429ace869a | Job: job_5192c9b365c501477a14_231 | Dispatched to benkituu02@gmail.com via mail driver 
[2026-08-02 08:13:06] [INFO] Campaign: cmp_e761c9a28b5604429ace869a | Job: job_74cd33bccdad4f0c110b_232 | Dispatched to omayiokevin867@gmail.com via mail driver 
[2026-08-02 08:13:06] [INFO] Campaign: cmp_e761c9a28b5604429ace869a | Job: job_c7cb3c912355bab358a2_233 | Dispatched to lareyludi@gmail.com via mail driver 
[2026-08-02 08:13:06] [INFO] Campaign: cmp_e761c9a28b5604429ace869a | Job: job_4e9c54c62c3906726d6b_234 | Dispatched to pashendanu@gmail.com via mail driver 
[2026-08-02 08:13:06] [INFO] Campaign: cmp_e761c9a28b5604429ace869a | Job: job_7f66b25763301a05c6bd_235 | Dispatched to ogonyoyabesh@gmail.com via mail driver 
[2026-08-02 08:13:06] [INFO] Campaign: cmp_e761c9a28b5604429ace869a | Job: job_9c6cf1b147c8cf9fd904_236 | Dispatched to samson2026m@gmail.com via mail driver 
[2026-08-02 08:13:07] [INFO] Campaign: cmp_e761c9a28b5604429ace869a | Job: job_b95693f57b9ceb7d0b10_237 | Dispatched to robbiemungai047@gmail.com via mail driver 
[2026-08-02 08:13:07] [INFO] Campaign: cmp_e761c9a28b5604429ace869a | Job: job_6446289c723a662ab5f8_238 | Dispatched to barnecenjane@gmail.com via mail driver 
[2026-08-02 08:13:07] [INFO] Campaign: cmp_e761c9a28b5604429ace869a | Job: job_75d4496814d3bb355f0e_239 | Dispatched to offlinefreenlance@gmail.com via mail driver 
[2026-08-02 08:13:07] [INFO] Campaign: cmp_e761c9a28b5604429ace869a | Job: job_582abfe88887cefeadac_240 | Dispatched to rickyjayclassic254@gmail.com via mail driver 
[2026-08-02 08:13:07] [INFO] Campaign: cmp_e761c9a28b5604429ace869a | Job: job_a66b1853f592e9357901_241 | Dispatched to kimuyumwanthi@gmail.com via mail driver 
[2026-08-02 08:13:08] [INFO] Campaign: cmp_e761c9a28b5604429ace869a | Job: job_2aeb8cdbcf69d47bade4_242 | Dispatched to mogusuphyllis@gmail.com via mail driver 
[2026-08-02 08:13:08] [INFO] Campaign: cmp_e761c9a28b5604429ace869a | Job: job_79d50d2aae15a7ccb43a_243 | Dispatched to pemwat.2015@gmail.com via mail driver 
[2026-08-02 08:13:10] [INFO] Campaign: cmp_e761c9a28b5604429ace869a | Job: job_8ecc88394f716e9ec0bc_244 | Dispatched to muenimercy120@gmail.com via mail driver 
[2026-08-02 08:13:10] [INFO] Campaign: cmp_e761c9a28b5604429ace869a | Job: job_e81ab4879873922b6563_245 | Dispatched to gibsymarigi@gmail.com via mail driver 
[2026-08-02 08:13:11] [INFO] Campaign: cmp_e761c9a28b5604429ace869a | Job: job_05f5843f535a93af3a6d_246 | Dispatched to karabosekgobane09@gmail.com via mail driver 
[2026-08-02 08:13:11] [INFO] Campaign: cmp_e761c9a28b5604429ace869a | Job: job_da7e7caabb597363824e_247 | Dispatched to mulingemaithya80@gmail.com via mail driver 
[2026-08-02 08:13:13] [INFO] Campaign: cmp_e761c9a28b5604429ace869a | Job: job_16041ea44502fb0caa43_248 | Dispatched to davidmaundu93@gmail.com via mail driver 
[2026-08-02 08:13:14] [INFO] Campaign: cmp_e761c9a28b5604429ace869a | Job: job_3e23837546829779d0d0_249 | Dispatched to dstab1333@gmail.com via mail driver 
[2026-08-02 08:13:14] [INFO] Campaign: cmp_e761c9a28b5604429ace869a | Job: job_8ea5f7d327a69ef109dc_250 | Dispatched to haadimedia02@gmail.com via mail driver 
[2026-08-02 08:13:14] [INFO] Campaign: cmp_e761c9a28b5604429ace869a | Job: job_dcd0a560af7876706e43_251 | Dispatched to felsicinternationale@gmail.com via mail driver 
[2026-08-02 08:13:14] [INFO] Campaign: cmp_e761c9a28b5604429ace869a | Job: job_944ce69b55677c717cb7_252 | Dispatched to jsams294@gmail.com via mail driver 
[2026-08-02 08:13:15] [INFO] Campaign: cmp_e761c9a28b5604429ace869a | Job: job_6e518448cc8de17bae10_253 | Dispatched to carolbri65@gmail.com via mail driver 
[2026-08-02 08:13:15] [INFO] Campaign: cmp_e761c9a28b5604429ace869a | Job: job_30b51ed59a2eb5a67f18_254 | Dispatched to catteshkim@gmail.com via mail driver 
[2026-08-02 08:13:15] [INFO] Campaign: cmp_e761c9a28b5604429ace869a | Job: job_1b3691c17675b460194b_255 | Dispatched to kayukakukenga@gmail.com via mail driver 
[2026-08-02 08:13:15] [INFO] Campaign: cmp_e761c9a28b5604429ace869a | Job: job_7418811ced46c86c6ee5_256 | Dispatched to benokonjo@gmail.com via mail driver 
[2026-08-02 08:13:15] [INFO] Campaign: cmp_e761c9a28b5604429ace869a | Job: job_e522a592b24bec37bf55_257 | Dispatched to thiookelvin@gmail.com via mail driver 
[2026-08-02 08:13:15] [INFO] Campaign: cmp_e761c9a28b5604429ace869a | Job: job_79a550c5f00668d77536_258 | Dispatched to jjamigo43@gmail.com via mail driver 
[2026-08-02 08:13:16] [INFO] Campaign: cmp_e761c9a28b5604429ace869a | Job: job_42b492bd459a1bb12e57_259 | Dispatched to rukundoj333@gmail.com via mail driver 
[2026-08-02 08:13:16] [INFO] Campaign: cmp_e761c9a28b5604429ace869a | Job: job_ae48905e1b01f94411fd_260 | Dispatched to siribanaom2@gmail.com via mail driver 
[2026-08-02 08:13:16] [INFO] Campaign: cmp_e761c9a28b5604429ace869a | Job: job_3ac09d7c0dbd411fd79a_261 | Dispatched to norahk186@gmail.com via mail driver 
[2026-08-02 08:13:17] [INFO] Campaign: cmp_e761c9a28b5604429ace869a | Job: job_01104df96c02520f75c9_262 | Dispatched to athmanmazera@gmail.com via mail driver 
[2026-08-02 08:13:17] [INFO] Campaign: cmp_e761c9a28b5604429ace869a | Job: job_f2655d4147fbd3d329df_263 | Dispatched to stephenwaititu102@gmail.com via mail driver 
[2026-08-02 08:13:17] [INFO] Campaign: cmp_e761c9a28b5604429ace869a | Job: job_e80a0d9a4c5123164a7f_264 | Dispatched to dennismagiri20@gmail.com via mail driver 
[2026-08-02 08:13:18] [INFO] Campaign: cmp_e761c9a28b5604429ace869a | Job: job_e484ca1a7a7f383d9ece_265 | Dispatched to gilieruto100@gmail.com via mail driver 
[2026-08-02 08:13:18] [INFO] Campaign: cmp_e761c9a28b5604429ace869a | Job: job_fe1f88b61458e45a3169_266 | Dispatched to mwangijohn142@gmail.com via mail driver 
[2026-08-02 08:13:20] [INFO] Campaign: cmp_e761c9a28b5604429ace869a | Job: job_b7c1426dd19484a73edc_267 | Dispatched to wanguivincent22@gmail.com via mail driver 
[2026-08-02 08:13:20] [INFO] Campaign: cmp_e761c9a28b5604429ace869a | Job: job_3a92a84b0a73cd79ffd4_268 | Dispatched to dammianbolo@yahoo.com via mail driver 
[2026-08-02 08:13:21] [INFO] Campaign: cmp_e761c9a28b5604429ace869a | Job: job_0429933aa64a7aa73ddd_269 | Dispatched to johnmwai089@gmail.com via mail driver 
[2026-08-02 08:13:21] [INFO] Campaign: cmp_e761c9a28b5604429ace869a | Job: job_b4ebe8358d22ee17bd0a_270 | Dispatched to dadmathebula9@gmail.com via mail driver 
[2026-08-02 08:13:21] [INFO] Campaign: cmp_e761c9a28b5604429ace869a | Job: job_e4847ecac89d8e8e15e2_271 | Dispatched to michealmurphy312@gmail.com via mail driver 
[2026-08-02 08:13:21] [INFO] Campaign: cmp_e761c9a28b5604429ace869a | Job: job_d12ec6524b8f95b52fbd_272 | Dispatched to ashfield671@gmail.com via mail driver 
[2026-08-02 08:13:21] [INFO] Campaign: cmp_e761c9a28b5604429ace869a | Job: job_2355b5626f940627df75_273 | Dispatched to bettismael790@gmail.com via mail driver 
[2026-08-02 08:13:22] [INFO] Campaign: cmp_e761c9a28b5604429ace869a | Job: job_aa56bc79df2567740176_274 | Dispatched to thapelondengeza@gmail.com via mail driver 
[2026-08-02 08:13:22] [INFO] Campaign: cmp_e761c9a28b5604429ace869a | Job: job_481b81d282bd96f54f9a_275 | Dispatched to caslykgopa@gmail.com via mail driver 
[2026-08-02 08:13:22] [INFO] Campaign: cmp_e761c9a28b5604429ace869a | Job: job_82b6ef00d976cb183eb8_276 | Dispatched to ndu4mpilo@gmail.com via mail driver 
[2026-08-02 08:13:22] [INFO] Campaign: cmp_e761c9a28b5604429ace869a | Job: job_f938a96a4d73600e21d9_277 | Dispatched to sara.ruo@gmail.com via mail driver 
[2026-08-02 08:13:24] [INFO] Campaign: cmp_e761c9a28b5604429ace869a | Job: job_e24e12ec90923f6cbd06_278 | Dispatched to mmadu931211@gmail.com via mail driver 
[2026-08-02 08:13:24] [INFO] Campaign: cmp_e761c9a28b5604429ace869a | Job: job_bc4bdceaf76197a8ae35_279 | Dispatched to shellhouse15@gmail.com via mail driver 
[2026-08-02 08:13:26] [INFO] Campaign: cmp_e761c9a28b5604429ace869a | Job: job_63a66e3b46d58e4ef2d3_280 | Dispatched to alphoncus@gmail.com via mail driver 
[2026-08-02 08:13:27] [INFO] Campaign: cmp_e761c9a28b5604429ace869a | Job: job_d5c4bdacf58d12a1b033_281 | Dispatched to edwinmureti08@gmail.com via mail driver 
[2026-08-02 08:13:27] [INFO] Campaign: cmp_e761c9a28b5604429ace869a | Job: job_9403b34cac5c375c775f_282 | Dispatched to levijames302@gmail.com via mail driver 
[2026-08-02 08:13:27] [INFO] Campaign: cmp_e761c9a28b5604429ace869a | Job: job_5cbbf3336ae9f3dafddc_283 | Dispatched to keitumetselekhowa@icloud.com via mail driver 
[2026-08-02 08:13:27] [INFO] Campaign: cmp_e761c9a28b5604429ace869a | Job: job_f7d66689ce153efe84dd_284 | Dispatched to norahmwashigadi@gmail.com via mail driver 
[2026-08-02 08:13:27] [INFO] Campaign: cmp_e761c9a28b5604429ace869a | Job: job_2d1194bbe035506be8d2_285 | Dispatched to yekoevan041@gmail.com via mail driver 
[2026-08-02 08:13:27] [INFO] Campaign: cmp_e761c9a28b5604429ace869a | Job: job_d0c92c12ac8566ed9af6_286 | Dispatched to wilsonchumba91@gmail.com via mail driver 
[2026-08-02 08:13:28] [INFO] Campaign: cmp_e761c9a28b5604429ace869a | Job: job_11dc145aa5acce43d7fd_287 | Dispatched to annemuriungi1@gmail.com via mail driver 
[2026-08-02 08:13:28] [INFO] Campaign: cmp_e761c9a28b5604429ace869a | Job: job_8f2b8c4adf70120ff8eb_288 | Dispatched to zedzaide@gmail.com via mail driver 
[2026-08-02 08:13:28] [INFO] Campaign: cmp_e761c9a28b5604429ace869a | Job: job_14e83ae0803fcb03548b_289 | Dispatched to magiecira@gmail.com via mail driver 
[2026-08-02 08:13:28] [INFO] Campaign: cmp_e761c9a28b5604429ace869a | Job: job_37d66e824c6f13d1c77f_290 | Dispatched to modxjohnz@gmail.com via mail driver 
[2026-08-02 08:13:30] [INFO] Campaign: cmp_e761c9a28b5604429ace869a | Job: job_2a4397545bc4fe845308_291 | Dispatched to alemwendwa600@gmail.com via mail driver 
[2026-08-02 08:13:30] [INFO] Campaign: cmp_e761c9a28b5604429ace869a | Job: job_efd6440c4d9f73e6c16e_292 | Dispatched to dmuteti677@gmail.com via mail driver 
[2026-08-02 08:13:31] [INFO] Campaign: cmp_e761c9a28b5604429ace869a | Job: job_35da5a18d87713e62028_293 | Dispatched to akimani2002@gmail.com via mail driver 
[2026-08-02 08:13:31] [INFO] Campaign: cmp_e761c9a28b5604429ace869a | Job: job_194d156889d76d8c9da4_294 | Dispatched to shihabirabaraza@gmail.com via mail driver 
[2026-08-02 08:13:31] [INFO] Campaign: cmp_e761c9a28b5604429ace869a | Job: job_f17a914a8b1a3d66ffd6_295 | Dispatched to mbowajoe@outlook.com via mail driver 
[2026-08-02 08:13:31] [INFO] Campaign: cmp_e761c9a28b5604429ace869a | Job: job_6e9e6c44fab6b259b9fa_296 | Dispatched to mbugua02@gmail.com via mail driver 
[2026-08-02 08:13:31] [INFO] Campaign: cmp_e761c9a28b5604429ace869a | Job: job_a3f3a7d4638663e00b07_297 | Dispatched to abbieyazke@gmail.com via mail driver 
[2026-08-02 08:13:32] [INFO] Campaign: cmp_e761c9a28b5604429ace869a | Job: job_56015cc248bee41cc686_298 | Dispatched to damianbolo@yahoo.com via mail driver 
[2026-08-02 08:13:32] [INFO] Campaign: cmp_e761c9a28b5604429ace869a | Job: job_4079c6a6f183ab3ef065_299 | Dispatched to www.felixgesora@gmail.com via mail driver 
[2026-08-02 08:13:32] [INFO] Campaign: cmp_e761c9a28b5604429ace869a | Job: job_81accfca92e58979de99_300 | Dispatched to dansoboy28@gmail.com via mail driver 
[2026-08-02 08:13:32] [INFO] Campaign: cmp_e761c9a28b5604429ace869a | Job: job_70e12b064cd61180d398_301 | Dispatched to robert20pound@gmail.com via mail driver 
[2026-08-02 08:13:33] [INFO] Campaign: cmp_e761c9a28b5604429ace869a | Job: job_d851c85963647b1b9289_302 | Dispatched to lawrencemasua23@gmail.com via mail driver 
[2026-08-02 08:13:33] [INFO] Campaign: cmp_e761c9a28b5604429ace869a | Job: job_b312c82de1af80f8271b_303 | Dispatched to chrispineotama@gmail.com via mail driver 
[2026-08-02 08:13:33] [INFO] Campaign: cmp_e761c9a28b5604429ace869a | Job: job_96f1c0bb83a43884ef2c_304 | Dispatched to mantsename@gmail.com via mail driver 
[2026-08-02 08:13:33] [INFO] Campaign: cmp_e761c9a28b5604429ace869a | Job: job_3d8836d242111e70d1db_305 | Dispatched to manyanebs@gmail.com via mail driver 
[2026-08-02 08:13:35] [INFO] Campaign: cmp_e761c9a28b5604429ace869a | Job: job_eabee859a0a4e6a93768_306 | Dispatched to cmoigrad@gmail.com via mail driver 
[2026-08-02 08:13:35] [INFO] Campaign: cmp_e761c9a28b5604429ace869a | Job: job_9d453c503cb9bfb8d78c_307 | Dispatched to erannyena@gmail.com via mail driver 
[2026-08-02 08:13:35] [INFO] Campaign: cmp_e761c9a28b5604429ace869a | Job: job_b67d4f90690fd265baa9_308 | Dispatched to nevilelucas609@gmail.com via mail driver 
[2026-08-02 08:13:36] [INFO] Campaign: cmp_e761c9a28b5604429ace869a | Job: job_97d36190d717cd2441fb_309 | Dispatched to benjasim2018@gmail.com via mail driver 
[2026-08-02 08:13:36] [INFO] Campaign: cmp_e761c9a28b5604429ace869a | Job: job_9abf48fc366bc5eefd8b_310 | Dispatched to kenmuhuga@gmail.com via mail driver 
[2026-08-02 08:13:36] [INFO] Campaign: cmp_e761c9a28b5604429ace869a | Job: job_c46b9e65d6c16fa33450_311 | Dispatched to usmanmuhammad799311@gmail.com via mail driver 
[2026-08-02 08:13:36] [INFO] Campaign: cmp_e761c9a28b5604429ace869a | Job: job_75bc31d58b6164168721_312 | Dispatched to edwinkuria101@gmail.com via mail driver 
[2026-08-02 08:13:36] [INFO] Campaign: cmp_e761c9a28b5604429ace869a | Job: job_cc04d6b8e75c795ac569_313 | Dispatched to kothkuel@gmail.com via mail driver 
[2026-08-02 08:13:37] [INFO] Campaign: cmp_e761c9a28b5604429ace869a | Job: job_455bff2749545823bc45_314 | Dispatched to williamotieno902@gmail.com via mail driver 
[2026-08-02 08:13:37] [INFO] Campaign: cmp_e761c9a28b5604429ace869a | Job: job_162b169578348f664ca6_315 | Dispatched to gerishon2@gmail.com via mail driver 
[2026-08-02 08:13:37] [INFO] Campaign: cmp_e761c9a28b5604429ace869a | Job: job_137877ad8d0d2bff777b_316 | Dispatched to jamesirungu813@gmail.com via mail driver 
[2026-08-02 08:13:38] [INFO] Campaign: cmp_e761c9a28b5604429ace869a | Job: job_475688683bee3e8bc0d7_317 | Dispatched to wizzy1004@gmail.com via mail driver 
[2026-08-02 08:13:38] [INFO] Campaign: cmp_e761c9a28b5604429ace869a | Job: job_059feffdfb512d234e61_318 | Dispatched to matildaruto97@gmail.com via mail driver 
[2026-08-02 08:13:38] [INFO] Campaign: cmp_e761c9a28b5604429ace869a | Job: job_705b54de9d27b6defc8d_319 | Dispatched to washikaarthur@gmail.com via mail driver 
[2026-08-02 08:13:38] [INFO] Campaign: cmp_e761c9a28b5604429ace869a | Job: job_5fbd0fd5127729e0819a_320 | Dispatched to tsphogole1@gmail.com via mail driver 
[2026-08-02 08:13:38] [INFO] Campaign: cmp_e761c9a28b5604429ace869a | Job: job_fc2fdcb657d8aafe586e_321 | Dispatched to otungabro@gmail.com via mail driver 
[2026-08-02 08:13:39] [INFO] Campaign: cmp_e761c9a28b5604429ace869a | Job: job_d121d8a8d4fa74fc0dcc_322 | Dispatched to leahjaydee384@gmail.com via mail driver 
[2026-08-02 08:13:39] [INFO] Campaign: cmp_e761c9a28b5604429ace869a | Job: job_eeba309a538361f02442_323 | Dispatched to shirrohmary@gmail.com via mail driver 
[2026-08-02 08:13:39] [INFO] Campaign: cmp_e761c9a28b5604429ace869a | Job: job_d23b5e5266814d764b6a_324 | Dispatched to inspirejoe65@gmail.com via mail driver 
[2026-08-02 08:13:39] [INFO] Campaign: cmp_e761c9a28b5604429ace869a | Job: job_09b89ad31585fe6347ea_325 | Dispatched to leonchhatbar@gmail.com via mail driver 
[2026-08-02 08:13:40] [INFO] Campaign: cmp_e761c9a28b5604429ace869a | Job: job_4bf0c4a8f659a96c46d9_326 | Dispatched to mwa.muko@gmail.com via mail driver 
[2026-08-02 08:13:40] [INFO] Campaign: cmp_e761c9a28b5604429ace869a | Job: job_9a6dac93841060838138_327 | Dispatched to cjsummerfield@hotmail.com via mail driver 
[2026-08-02 08:13:40] [INFO] Campaign: cmp_e761c9a28b5604429ace869a | Job: job_139abfd21dad62f2573d_328 | Dispatched to ianlegrun@gmail.com via mail driver 
[2026-08-02 08:13:40] [INFO] Campaign: cmp_e761c9a28b5604429ace869a | Job: job_93d81967925bac51610f_329 | Dispatched to d2334965@gmail.com via mail driver 
[2026-08-02 08:13:40] [INFO] Campaign: cmp_e761c9a28b5604429ace869a | Job: job_be430c641be78fc5adf3_330 | Dispatched to chepkemoibrii@gmail.com via mail driver 
[2026-08-02 08:13:40] [INFO] Campaign: cmp_e761c9a28b5604429ace869a | Job: job_06fd0c02b876cdd80472_331 | Dispatched to randhawajot893@gmail.com via mail driver 
[2026-08-02 08:13:41] [INFO] Campaign: cmp_e761c9a28b5604429ace869a | Job: job_e87e0f06b7969e8fe383_332 | Dispatched to warvisalvin@gmail.com via mail driver 
[2026-08-02 08:13:41] [INFO] Campaign: cmp_e761c9a28b5604429ace869a | Job: job_76200b997459bde9a900_333 | Dispatched to perfectatall@gmail.com via mail driver 
[2026-08-02 08:13:41] [INFO] Campaign: cmp_e761c9a28b5604429ace869a | Job: job_93f41520d1c2ab20bf96_334 | Dispatched to e.l.lav.a.no.o.t.eg.h.e.m@gmail.com via mail driver 
[2026-08-02 08:13:41] [INFO] Campaign: cmp_e761c9a28b5604429ace869a | Job: job_675017d9f721070ccf54_335 | Dispatched to mandeep.kaur57@yahoo.com via mail driver 
[2026-08-02 08:13:41] [INFO] Campaign: cmp_e761c9a28b5604429ace869a | Job: job_c549b7ea7b77add640a9_336 | Dispatched to johnthuku425@gmail.com via mail driver 
[2026-08-02 08:13:42] [INFO] Campaign: cmp_e761c9a28b5604429ace869a | Job: job_82a59c521eed6af7bc56_337 | Dispatched to mwaspeter334@gmail.com via mail driver 
[2026-08-02 08:13:42] [INFO] Campaign: cmp_e761c9a28b5604429ace869a | Job: job_8e915d77cea0a3ce0b5b_338 | Dispatched to liibaandj143@gmail.com via mail driver 
[2026-08-02 08:13:42] [INFO] Campaign: cmp_e761c9a28b5604429ace869a | Job: job_d840b3886a2174be7199_339 | Dispatched to msammy7890@gmail.com via mail driver 
[2026-08-02 08:13:42] [INFO] Campaign: cmp_e761c9a28b5604429ace869a | Job: job_7beb932019edcf2fe47b_340 | Dispatched to vankem2793@gmail.com via mail driver 
[2026-08-02 08:13:42] [INFO] Campaign: cmp_e761c9a28b5604429ace869a | Job: job_cc2a845841abe4d3db11_341 | Dispatched to ekiptui66@gmail.com via mail driver 
[2026-08-02 08:13:43] [INFO] Campaign: cmp_e761c9a28b5604429ace869a | Job: job_e96b5e3a0dcf6cb91b97_342 | Dispatched to langatgt2@gmail.com via mail driver 
[2026-08-02 08:13:43] [INFO] Campaign: cmp_e761c9a28b5604429ace869a | Job: job_5437def6117792e5c045_343 | Dispatched to p8153038@gmail.com via mail driver 
[2026-08-02 08:13:43] [INFO] Campaign: cmp_e761c9a28b5604429ace869a | Job: job_834741a59b6e0e508886_344 | Dispatched to asikoyocyrille8@gmail.com via mail driver 
[2026-08-02 08:13:43] [INFO] Campaign: cmp_e761c9a28b5604429ace869a | Job: job_558f3994f1e65a617d96_345 | Dispatched to kipkiruikones1@gmail.com via mail driver 
[2026-08-02 08:13:43] [INFO] Campaign: cmp_e761c9a28b5604429ace869a | Job: job_257d0f5ce5c6716f5a8f_346 | Dispatched to brakip80@yahoo.co.uk via mail driver 
[2026-08-02 08:13:43] [INFO] Campaign: cmp_e761c9a28b5604429ace869a | Job: job_6fc9881c09631e41a992_347 | Dispatched to breezylocco5@gmail.com via mail driver 
[2026-08-02 08:13:44] [INFO] Campaign: cmp_e761c9a28b5604429ace869a | Job: job_7ab3838300c9329a0026_348 | Dispatched to amoskandie20@gmail.com via mail driver 
[2026-08-02 08:13:44] [INFO] Campaign: cmp_e761c9a28b5604429ace869a | Job: job_3e69fb6f00f3a05e41f2_349 | Dispatched to tetio0855@gmail.com via mail driver 
[2026-08-02 08:13:44] [INFO] Campaign: cmp_e761c9a28b5604429ace869a | Job: job_7f63b6501ae9db9d8e14_350 | Dispatched to mainalewis2020@gmail.com via mail driver 
[2026-08-02 08:13:45] [INFO] Campaign: cmp_e761c9a28b5604429ace869a | Job: job_e1a934eef73498e78fea_351 | Dispatched to denobook002@gmail.com via mail driver 
[2026-08-02 08:13:45] [INFO] Campaign: cmp_e761c9a28b5604429ace869a | Job: job_e3193ab19dfb4b989363_352 | Dispatched to cathywangu52@gmail.com via mail driver 
[2026-08-02 08:13:45] [INFO] Campaign: cmp_e761c9a28b5604429ace869a | Job: job_1b64ae01cdef1ddeec75_353 | Dispatched to bookdeno002@gmail.com via mail driver 
[2026-08-02 08:13:45] [INFO] Campaign: cmp_e761c9a28b5604429ace869a | Job: job_aae04fc2dc93e76c0697_354 | Dispatched to raymondrammy888@gmail.com via mail driver 
[2026-08-02 08:13:45] [INFO] Campaign: cmp_e761c9a28b5604429ace869a | Job: job_778af82195d4659b32a1_355 | Dispatched to gonninoleg9@gmail.com via mail driver 
[2026-08-02 08:13:45] [INFO] Campaign: cmp_e761c9a28b5604429ace869a | Job: job_9f4510c404481f796e75_356 | Dispatched to samuelokirri@yahoo.com via mail driver 
[2026-08-02 08:13:46] [INFO] Campaign: cmp_e761c9a28b5604429ace869a | Job: job_8a233c68cae34c6f492d_357 | Dispatched to taricoaching@gmail.com via mail driver 
[2026-08-02 08:13:46] [INFO] Campaign: cmp_e761c9a28b5604429ace869a | Job: job_38583c066e0c614a45cd_358 | Dispatched to vellyeguchi79@gmail.com via mail driver 
[2026-08-02 08:13:46] [INFO] Campaign: cmp_e761c9a28b5604429ace869a | Job: job_b4d2a26ebb29c03e3897_359 | Dispatched to gedionmboe24@gmail.com via mail driver 
[2026-08-02 08:13:46] [INFO] Campaign: cmp_e761c9a28b5604429ace869a | Job: job_1192b25fd3aa139cacd0_360 | Dispatched to collinskipronoofficial@gmail.com via mail driver 
[2026-08-02 08:13:46] [INFO] Campaign: cmp_e761c9a28b5604429ace869a | Job: job_c18c5188ab3a2e41e4e9_361 | Dispatched to kattymwangi@gmail.com via mail driver 
[2026-08-02 08:13:47] [INFO] Campaign: cmp_e761c9a28b5604429ace869a | Job: job_47690e287fb4c0dd1f0c_362 | Dispatched to morgangoldsniper@gmail.com via mail driver 
[2026-08-02 08:13:47] [INFO] Campaign: cmp_e761c9a28b5604429ace869a | Job: job_be198e945cd6bdf2dd67_363 | Dispatched to rhyank131@gmail.com via mail driver 
[2026-08-02 08:13:47] [INFO] Campaign: cmp_e761c9a28b5604429ace869a | Job: job_b1553f96851213fa2fcd_364 | Dispatched to otimlawrence77@gmail.com via mail driver 
[2026-08-02 08:13:47] [INFO] Campaign: cmp_e761c9a28b5604429ace869a | Job: job_2435f6b14dacd431a965_365 | Dispatched to mutegison3@gmail.com via mail driver 
[2026-08-02 08:13:47] [INFO] Campaign: cmp_e761c9a28b5604429ace869a | Job: job_24b3fdfb1a4c108e54aa_366 | Dispatched to dkingbright@yahoo.com via mail driver 
[2026-08-02 08:13:48] [INFO] Campaign: cmp_e761c9a28b5604429ace869a | Job: job_d39666b500b832ff8edd_367 | Dispatched to notey8384@gmail.com via mail driver 
[2026-08-02 08:13:48] [INFO] Campaign: cmp_e761c9a28b5604429ace869a | Job: job_43b41c755af3bc6936cf_368 | Dispatched to halamanassori@gmail.com via mail driver 
[2026-08-02 08:13:48] [INFO] Campaign: cmp_e761c9a28b5604429ace869a | Job: job_b58959a508447d9a8367_369 | Dispatched to mwanikileonine@gmail.com via mail driver 
[2026-08-02 08:13:48] [INFO] Campaign: cmp_e761c9a28b5604429ace869a | Job: job_98b6924fe68eac77237d_370 | Dispatched to revolutionaryworld3072@gmail.com via mail driver 
[2026-08-02 08:13:48] [INFO] Campaign: cmp_e761c9a28b5604429ace869a | Job: job_4ffc9e61b36ec8584081_371 | Dispatched to georgemuraya14@gmail.com via mail driver 
[2026-08-02 08:13:48] [INFO] Campaign: cmp_e761c9a28b5604429ace869a | Job: job_cd89c002d6cb5db448ca_372 | Dispatched to kaburudennism@gmail.com via mail driver 
[2026-08-02 08:13:49] [INFO] Campaign: cmp_e761c9a28b5604429ace869a | Job: job_7c96fb48e7e65ccef7f6_373 | Dispatched to redoakpictures@gmail.com via mail driver 
[2026-08-02 08:13:49] [INFO] Campaign: cmp_e761c9a28b5604429ace869a | Job: job_a8ebd2b9aec30c4948d9_374 | Dispatched to halamanassoro@gmail.com via mail driver 
[2026-08-02 08:13:49] [INFO] Campaign: cmp_e761c9a28b5604429ace869a | Job: job_4422bcefd823377c364b_375 | Dispatched to kivumbi23samuelx@gmail.com via mail driver 
[2026-08-02 08:13:49] [INFO] Campaign: cmp_e761c9a28b5604429ace869a | Job: job_f78fdb5058294b54f805_376 | Dispatched to andrewkateregga77@gmail.com via mail driver 
[2026-08-02 08:13:50] [INFO] Campaign: cmp_e761c9a28b5604429ace869a | Job: job_12dcfbe2a803fa36bdaf_377 | Dispatched to preciousp2017@gmail.com via mail driver 
[2026-08-02 08:13:50] [INFO] Campaign: cmp_e761c9a28b5604429ace869a | Job: job_18a55f176dc1f8ab222d_378 | Dispatched to africakuri@gmail.com via mail driver 
[2026-08-02 08:13:50] [INFO] Campaign: cmp_e761c9a28b5604429ace869a | Job: job_d6ab50c9821535f976d0_379 | Dispatched to justmoh146@gmail.com via mail driver 
[2026-08-02 08:13:50] [INFO] Campaign: cmp_e761c9a28b5604429ace869a | Job: job_da5ebe9b526e618a212d_380 | Dispatched to nkwanemaome@gmail.com via mail driver 
[2026-08-02 08:13:50] [INFO] Campaign: cmp_e761c9a28b5604429ace869a | Job: job_4a903948978cf3d742aa_381 | Dispatched to abdullahi10ibrahim@gmail.com via mail driver 
[2026-08-02 08:13:51] [INFO] Campaign: cmp_e761c9a28b5604429ace869a | Job: job_f4951da24f9de362ac5d_382 | Dispatched to davemwendwa97@gmail.com via mail driver 
[2026-08-02 08:13:51] [INFO] Campaign: cmp_e761c9a28b5604429ace869a | Job: job_39fb96b3b900fe8942c9_383 | Dispatched to wabigeel@gmail.com via mail driver 
[2026-08-02 08:13:51] [INFO] Campaign: cmp_e761c9a28b5604429ace869a | Job: job_a3f9baebad4d66009bc2_384 | Dispatched to tshepoletsekha@gmail.com via mail driver 
[2026-08-02 08:13:51] [INFO] Campaign: cmp_e761c9a28b5604429ace869a | Job: job_ae4b6c4adf4a0dc70c15_385 | Dispatched to sydneyongaro4@gmail.com via mail driver 
[2026-08-02 08:13:51] [INFO] Campaign: cmp_e761c9a28b5604429ace869a | Job: job_6dfce0fc55179188ddbb_386 | Dispatched to rmusyoki8@gmail.com via mail driver 
[2026-08-02 08:13:52] [INFO] Campaign: cmp_e761c9a28b5604429ace869a | Job: job_33daafe118fbab6099c8_387 | Dispatched to sebebrinvest@gmail.com via mail driver 
[2026-08-02 08:13:52] [INFO] Campaign: cmp_e761c9a28b5604429ace869a | Job: job_4f6e0cd3769bb74c7d48_388 | Dispatched to richardmuchangi013@gmail.com via mail driver 
[2026-08-02 08:13:52] [INFO] Campaign: cmp_e761c9a28b5604429ace869a | Job: job_81790e90638da99b33c7_389 | Dispatched to warogoroann23@gmail.com via mail driver 
[2026-08-02 08:13:53] [INFO] Campaign: cmp_e761c9a28b5604429ace869a | Job: job_e4b0f04d6eef0c1fce8f_390 | Dispatched to peace.muthomi1@gmail.com via mail driver 
[2026-08-02 08:13:53] [INFO] Campaign: cmp_e761c9a28b5604429ace869a | Job: job_106fbe97d88d26d922b1_391 | Dispatched to crystothug@gmail.com via mail driver 
[2026-08-02 08:13:54] [INFO] Campaign: cmp_e761c9a28b5604429ace869a | Job: job_879283eda20213e786fb_392 | Dispatched to wamutirabibian@yahoo.com via mail driver 
[2026-08-02 08:13:54] [INFO] Campaign: cmp_e761c9a28b5604429ace869a | Job: job_f95a401cef59c863e2a9_393 | Dispatched to mukhsindemj0@gmail.com via mail driver 
[2026-08-02 08:13:54] [INFO] Campaign: cmp_e761c9a28b5604429ace869a | Job: job_7e920f3620cf964ce086_394 | Dispatched to ndushjoseph8@gmail.com via mail driver 
[2026-08-02 08:13:54] [INFO] Campaign: cmp_e761c9a28b5604429ace869a | Job: job_652206a50d988103f73d_395 | Dispatched to maureenk895@gmail.com via mail driver 
[2026-08-02 08:13:54] [INFO] Campaign: cmp_e761c9a28b5604429ace869a | Job: job_f04718e27d57b22687a3_396 | Dispatched to mutindasimon46@gmail.com via mail driver 
[2026-08-02 08:13:55] [INFO] Campaign: cmp_e761c9a28b5604429ace869a | Job: job_9ca4c96aadea6e57a5df_397 | Dispatched to richardking2597@gmail.com via mail driver 
[2026-08-02 08:13:55] [INFO] Campaign: cmp_e761c9a28b5604429ace869a | Job: job_49084abafae37af1de17_398 | Dispatched to onyi.kevin@gmail.com via mail driver 
[2026-08-02 08:13:55] [INFO] Campaign: cmp_e761c9a28b5604429ace869a | Job: job_b03c20559a47079ace90_399 | Dispatched to osakanmoses42@gmail.com via mail driver 
[2026-08-02 08:13:55] [INFO] Campaign: cmp_e761c9a28b5604429ace869a | Job: job_c6f6b88d45cdc85c4183_400 | Dispatched to lilreign472@gmail.com via mail driver 
[2026-08-02 08:13:56] [INFO] Campaign: cmp_e761c9a28b5604429ace869a | Job: job_5f0794a79c32b079a3a6_401 | Dispatched to kanyikelvin@gmail.com via mail driver 
[2026-08-02 08:13:56] [INFO] Campaign: cmp_e761c9a28b5604429ace869a | Job: job_f89210b74cdebfadf239_402 | Dispatched to tlotlomogorosi155@gmail.com via mail driver 
[2026-08-02 08:13:56] [INFO] Campaign: cmp_e761c9a28b5604429ace869a | Job: job_3853c6623d563319f02b_403 | Dispatched to muasyasylvester@gmail.com via mail driver 
[2026-08-02 08:13:56] [INFO] Campaign: cmp_e761c9a28b5604429ace869a | Job: job_78d9a40a542aa929d44e_404 | Dispatched to steppahwaziri@gmail.com via mail driver 
[2026-08-02 08:14:00] [INFO] Campaign: cmp_e761c9a28b5604429ace869a | Job: job_e928aaf20f8232a451e7_405 | Dispatched to marvellousbusa@gmail.com via mail driver 
[2026-08-02 08:14:00] [INFO] Campaign: cmp_e761c9a28b5604429ace869a | Job: job_07f810a16ed23d5591b2_406 | Dispatched to oinobrent6@gmail.com via mail driver 
[2026-08-02 08:14:01] [INFO] Campaign: cmp_e761c9a28b5604429ace869a | Job: job_e9c335036ccbd3eb8f00_407 | Dispatched to merkukdan@gmail.com via mail driver 
[2026-08-02 08:14:01] [INFO] Campaign: cmp_e761c9a28b5604429ace869a | Job: job_7f34f377d3df391ad61e_408 | Dispatched to aidyodongo@gmail.com via mail driver 
[2026-08-02 08:14:01] [INFO] Campaign: cmp_e761c9a28b5604429ace869a | Job: job_c0e4e4c67e2db533e772_409 | Dispatched to samwelnjungek@gmail.com via mail driver 
[2026-08-02 08:14:01] [INFO] Campaign: cmp_e761c9a28b5604429ace869a | Job: job_714da936da633abb2046_410 | Dispatched to wakoridavid54@gmail.com via mail driver 
[2026-08-02 08:14:02] [INFO] Campaign: cmp_e761c9a28b5604429ace869a | Job: job_9a1c12c32a7b4cbdbcae_411 | Dispatched to alfaomurwa@gmail.com via mail driver 
[2026-08-02 08:14:02] [INFO] Campaign: cmp_e761c9a28b5604429ace869a | Job: job_40ded60f8795393417c7_412 | Dispatched to bomjanmohan82@gmail.com via mail driver 
[2026-08-02 08:14:02] [INFO] Campaign: cmp_e761c9a28b5604429ace869a | Job: job_b58fe18634d1461771b4_413 | Dispatched to kevinkibett2@gmail.com via mail driver 
[2026-08-02 08:14:02] [INFO] Campaign: cmp_e761c9a28b5604429ace869a | Job: job_4cb629e7d06392cf336d_414 | Dispatched to cmasese84@gmail.com via mail driver 
[2026-08-02 08:14:03] [INFO] Campaign: cmp_e761c9a28b5604429ace869a | Job: job_ec3337b28989f373b2d1_415 | Dispatched to odhiambohubert@gmail.com via mail driver 
[2026-08-02 08:14:03] [INFO] Campaign: cmp_e761c9a28b5604429ace869a | Job: job_9eff68d7b69813c36e44_416 | Dispatched to dvinci036@gmail.com via mail driver 
[2026-08-02 08:14:03] [INFO] Campaign: cmp_e761c9a28b5604429ace869a | Job: job_5a461bd808daa289aea0_417 | Dispatched to simonbaru64@gmail.com via mail driver 
[2026-08-02 08:14:03] [INFO] Campaign: cmp_e761c9a28b5604429ace869a | Job: job_26ea8b9167dd231e7b06_418 | Dispatched to andykip63@gmail.com via mail driver 
[2026-08-02 08:14:04] [INFO] Campaign: cmp_e761c9a28b5604429ace869a | Job: job_bdfe3d0b56411fc93bf4_419 | Dispatched to mugisaazalia65@gmail.com via mail driver 
[2026-08-02 08:14:04] [INFO] Campaign: cmp_e761c9a28b5604429ace869a | Job: job_c3dab6472e17a79107b9_420 | Dispatched to joyafriqual@gmail.com via mail driver 
[2026-08-02 08:14:04] [INFO] Campaign: cmp_e761c9a28b5604429ace869a | Job: job_1e852f88046bc63ad284_421 | Dispatched to austinokothomondi@gmail.com via mail driver 
[2026-08-02 08:14:04] [INFO] Campaign: cmp_e761c9a28b5604429ace869a | Job: job_ce4ebdaea6d726e20ea5_422 | Dispatched to momanyinnocent1991@gmail.com via mail driver 
[2026-08-02 08:14:04] [INFO] Campaign: cmp_e761c9a28b5604429ace869a | Job: job_f2a6fdbbe9950934168a_423 | Dispatched to annande74@gmail.com via mail driver 
[2026-08-02 08:14:04] [INFO] Campaign: cmp_e761c9a28b5604429ace869a | Job: job_0f23d02e663e0b4f9983_424 | Dispatched to bookerhillary2@gmail.com via mail driver 
[2026-08-02 08:14:05] [INFO] Campaign: cmp_e761c9a28b5604429ace869a | Job: job_ba1038299e02fef156d1_425 | Dispatched to rodgersmwaniki9@gmail.com via mail driver 
[2026-08-02 08:14:05] [INFO] Campaign: cmp_e761c9a28b5604429ace869a | Job: job_4635b93e67e2f192fd9e_426 | Dispatched to nganaijnr@gmail.com via mail driver 
[2026-08-02 08:14:05] [INFO] Campaign: cmp_e761c9a28b5604429ace869a | Job: job_528c0f6e0e6936a51672_427 | Dispatched to immack2001@gmail.com via mail driver 
[2026-08-02 08:14:06] [INFO] Campaign: cmp_e761c9a28b5604429ace869a | Job: job_b7767bd23f338fab2d26_428 | Dispatched to oyamomarkopondo@gmail.com via mail driver 
[2026-08-02 08:14:06] [INFO] Campaign: cmp_e761c9a28b5604429ace869a | Job: job_dd9e0b47a2c821b3d44c_429 | Dispatched to charolnjuguna@gmail.com via mail driver 
[2026-08-02 08:14:06] [INFO] Campaign: cmp_e761c9a28b5604429ace869a | Job: job_acb54db6fd414ee154d5_430 | Dispatched to feristusjames@gmail.com via mail driver 
[2026-08-02 08:14:06] [INFO] Campaign: cmp_e761c9a28b5604429ace869a | Job: job_c130bca00e261568b580_431 | Dispatched to mulumbaramadhan42@gmail.com via mail driver 
[2026-08-02 08:14:06] [INFO] Campaign: cmp_e761c9a28b5604429ace869a | Job: job_8ca33341979c84f235da_432 | Dispatched to joeygits@gmail.com via mail driver 
[2026-08-02 08:14:06] [INFO] Campaign: cmp_e761c9a28b5604429ace869a | Job: job_729b266f43c29451ec85_433 | Dispatched to musaabu2067@gmail.com via mail driver 
[2026-08-02 08:14:07] [INFO] Campaign: cmp_e761c9a28b5604429ace869a | Job: job_1967b9d4cfef62b7c27a_434 | Dispatched to jamesmuita75@gmail.com via mail driver 
[2026-08-02 08:14:07] [INFO] Campaign: cmp_e761c9a28b5604429ace869a | Job: job_f5ebe234afb408de0e0c_435 | Dispatched to emm69272026@gmail.com via mail driver 
[2026-08-02 08:14:07] [INFO] Campaign: cmp_e761c9a28b5604429ace869a | Job: job_56431d1761bb557baa8f_436 | Dispatched to simonsjoy1@gmail.com via mail driver 
[2026-08-02 08:14:07] [INFO] Campaign: cmp_e761c9a28b5604429ace869a | Job: job_7e54835485373f528648_437 | Dispatched to matthewmumo101@gmail.com via mail driver 
[2026-08-02 08:14:07] [INFO] Campaign: cmp_e761c9a28b5604429ace869a | Job: job_f62fd50fce3219b3cd16_438 | Dispatched to jm20tyf@gmail.com via mail driver 
[2026-08-02 08:14:07] [INFO] Campaign: cmp_e761c9a28b5604429ace869a | Job: job_3e5e05948a660fd4d18c_439 | Dispatched to ericwmusyoki@gmail.com via mail driver 
[2026-08-02 08:14:08] [INFO] Campaign: cmp_e761c9a28b5604429ace869a | Job: job_e025a5780c90a4f9696e_440 | Dispatched to simonkariuki67@yahoo.com via mail driver 
[2026-08-02 08:14:08] [INFO] Campaign: cmp_e761c9a28b5604429ace869a | Job: job_83bcd08b3806055ad995_441 | Dispatched to kevohcyber23@gmail.com via mail driver 
[2026-08-02 08:14:08] [INFO] Campaign: cmp_e761c9a28b5604429ace869a | Job: job_21df6e6433ff4ba8a0d5_442 | Dispatched to wamu.nalu@gmail.com via mail driver 
[2026-08-02 08:14:08] [INFO] Campaign: cmp_e761c9a28b5604429ace869a | Job: job_43e0ad9fc7c4dc4abf4a_443 | Dispatched to ndungusimon2021@gmail.com via mail driver 
[2026-08-02 08:14:08] [INFO] Campaign: cmp_e761c9a28b5604429ace869a | Job: job_6ca1984f5567036ce8b1_444 | Dispatched to kamaramicah01@gmail.com via mail driver 
[2026-08-02 08:14:09] [INFO] Campaign: cmp_e761c9a28b5604429ace869a | Job: job_e90c9ce10715954bf94d_445 | Dispatched to zen.ab.en.ne.tt0.8.2.5@gmail.com via mail driver 
[2026-08-02 08:14:09] [INFO] Campaign: cmp_e761c9a28b5604429ace869a | Job: job_a5872e65dd2f3b3c3f74_446 | Dispatched to dodhiambo047@gmail.com via mail driver 
[2026-08-02 08:14:09] [INFO] Campaign: cmp_e761c9a28b5604429ace869a | Job: job_a869fee5e04e2e3874f0_447 | Dispatched to sanderonnie525@gmail.com via mail driver 
[2026-08-02 08:14:09] [INFO] Campaign: cmp_e761c9a28b5604429ace869a | Job: job_4c9f99cda6f3e0171486_448 | Dispatched to momanyidavid254@gmail.com via mail driver 
[2026-08-02 08:14:09] [INFO] Campaign: cmp_e761c9a28b5604429ace869a | Job: job_f6227a89d1e853e80343_449 | Dispatched to morrissitech@gmail.com via mail driver 
[2026-08-02 08:14:10] [INFO] Campaign: cmp_e761c9a28b5604429ace869a | Job: job_a7ceebdd38ecec429b0b_450 | Dispatched to ntimaurice250@gmail.com via mail driver 
[2026-08-02 08:14:10] [INFO] Campaign: cmp_e761c9a28b5604429ace869a | Job: job_d9f7c7cf543ed96a20ee_451 | Dispatched to jimmygathu2016@gmail.com via mail driver 
[2026-08-02 08:14:10] [INFO] Campaign: cmp_e761c9a28b5604429ace869a | Job: job_84545ed1a9978fdee1e5_452 | Dispatched to alfyrop2000@hotmail.co.uk via mail driver 
[2026-08-02 08:14:10] [INFO] Campaign: cmp_e761c9a28b5604429ace869a | Job: job_2fb7965371014fe4f4f2_453 | Dispatched to brianmwanthi92@gmail.com via mail driver 
[2026-08-02 08:14:10] [INFO] Campaign: cmp_e761c9a28b5604429ace869a | Job: job_2de91f1e300fcc42d5c6_454 | Dispatched to sungutilicious@gmial.com via mail driver 
[2026-08-02 08:14:11] [INFO] Campaign: cmp_e761c9a28b5604429ace869a | Job: job_2686f71a170b331a2ae7_455 | Dispatched to legitwriters7@gmail.com via mail driver 
[2026-08-02 08:14:11] [INFO] Campaign: cmp_e761c9a28b5604429ace869a | Job: job_3710d123317385de548a_456 | Dispatched to borkibor5@gmail.com via mail driver 
[2026-08-02 08:14:11] [INFO] Campaign: cmp_e761c9a28b5604429ace869a | Job: job_9165495b0a74b2ae1ac1_457 | Dispatched to msausijackson@gmail.com via mail driver 
[2026-08-02 08:14:11] [INFO] Campaign: cmp_e761c9a28b5604429ace869a | Job: job_3101058d84aecb873818_458 | Dispatched to dishonmaliga@gmail.com via mail driver 
[2026-08-02 08:14:11] [INFO] Campaign: cmp_e761c9a28b5604429ace869a | Job: job_4109b81fab4a6b399e24_459 | Dispatched to sgoan10@gmail.com via mail driver 
[2026-08-02 08:14:12] [INFO] Campaign: cmp_e761c9a28b5604429ace869a | Job: job_f2b56b7534df7428359a_460 | Dispatched to kelvinmuoki74@gmail.com via mail driver 
[2026-08-02 08:14:12] [INFO] Campaign: cmp_e761c9a28b5604429ace869a | Job: job_e2083351d26d34c50b6f_461 | Dispatched to corneliusbett39@gmail.com via mail driver 
[2026-08-02 08:14:12] [INFO] Campaign: cmp_e761c9a28b5604429ace869a | Job: job_1d3a2e7667945196f197_462 | Dispatched to fabianclement29@gmail.com via mail driver 
[2026-08-02 08:14:12] [INFO] Campaign: cmp_e761c9a28b5604429ace869a | Job: job_d026611335fac3416dd5_463 | Dispatched to bozzykailas8@gmail.com via mail driver 
[2026-08-02 08:14:12] [INFO] Campaign: cmp_e761c9a28b5604429ace869a | Job: job_3febf11abdaca54a15ac_464 | Dispatched to mugajos.jb@gmail.com via mail driver 
[2026-08-02 08:14:13] [INFO] Campaign: cmp_e761c9a28b5604429ace869a | Job: job_d8e3a1e91549aecc2755_465 | Dispatched to simplekh3e@gmail.com via mail driver 
[2026-08-02 08:14:13] [INFO] Campaign: cmp_e761c9a28b5604429ace869a | Job: job_44d85204931eb88f6377_466 | Dispatched to wanjirubet@gmail.com via mail driver 
[2026-08-02 08:14:13] [INFO] Campaign: cmp_e761c9a28b5604429ace869a | Job: job_971d691fe5ed067bee4e_467 | Dispatched to bismarckkiprono557@gmail.com via mail driver 
[2026-08-02 08:14:13] [INFO] Campaign: cmp_e761c9a28b5604429ace869a | Job: job_c3e04fd659f873c48e68_468 | Dispatched to sungutilicious@gmail.com via mail driver 
[2026-08-02 08:14:13] [INFO] Campaign: cmp_e761c9a28b5604429ace869a | Job: job_61fb912e5f7aea637c3e_469 | Dispatched to simiyuk84@gmail.com via mail driver 
[2026-08-02 08:14:14] [INFO] Campaign: cmp_e761c9a28b5604429ace869a | Job: job_68affd5832b50d98dcb6_470 | Dispatched to gibbswatuku@gmail.com via mail driver 
[2026-08-02 08:14:14] [INFO] Campaign: cmp_e761c9a28b5604429ace869a | Job: job_c31dce2fad6f24f39d61_471 | Dispatched to richienjo@gmail.com via mail driver 
[2026-08-02 08:14:15] [INFO] Campaign: cmp_e761c9a28b5604429ace869a | Job: job_95f55dd724c686caa74e_472 | Dispatched to ojiambojosephine27@gmail.com via mail driver 
[2026-08-02 08:14:16] [INFO] Campaign: cmp_e761c9a28b5604429ace869a | Job: job_6eaef12d2870fb0e21cf_473 | Dispatched to moses1muigua@gmail.com via mail driver 
[2026-08-02 08:14:16] [INFO] Campaign: cmp_e761c9a28b5604429ace869a | Job: job_16f82dbf74ecd9c5dee1_474 | Dispatched to ajakjohnson12@gmail.com via mail driver 
[2026-08-02 08:14:16] [INFO] Campaign: cmp_e761c9a28b5604429ace869a | Job: job_ec797f9d2c9c77d28591_475 | Dispatched to dennisdeonne99@gmail.com via mail driver 
[2026-08-02 08:14:16] [INFO] Campaign: cmp_e761c9a28b5604429ace869a | Job: job_a07bac7602daccf06ff1_476 | Dispatched to munialovalary@gmail.com via mail driver 
[2026-08-02 08:14:17] [INFO] Campaign: cmp_e761c9a28b5604429ace869a | Job: job_5d5007083a0657de1b46_477 | Dispatched to iddihajj01@gmail.com via mail driver 
[2026-08-02 08:14:17] [INFO] Campaign: cmp_e761c9a28b5604429ace869a | Job: job_c0e127aa8a4bf4394c23_478 | Dispatched to terryogolla02@gmail.com via mail driver 
[2026-08-02 08:14:17] [INFO] Campaign: cmp_e761c9a28b5604429ace869a | Job: job_fc089da4a4451f2d05c0_479 | Dispatched to trustlecturer@gmail.com via mail driver 
[2026-08-02 08:14:17] [INFO] Campaign: cmp_e761c9a28b5604429ace869a | Job: job_0f9a139667cfd6265a57_480 | Dispatched to anagonup.p1@gmail.com via mail driver 
[2026-08-02 08:14:17] [INFO] Campaign: cmp_e761c9a28b5604429ace869a | Job: job_ab260d6106ca6760ff5b_481 | Dispatched to hazilawati1974@gmail.com via mail driver 
[2026-08-02 08:14:18] [INFO] Campaign: cmp_e761c9a28b5604429ace869a | Job: job_25b0a14620c09ee74f70_482 | Dispatched to edwinmwasi@rocketmail.com via mail driver 
[2026-08-02 08:14:18] [INFO] Campaign: cmp_e761c9a28b5604429ace869a | Job: job_4f5966fc7138d5b34ac9_483 | Dispatched to kategayasam83@gmail.com via mail driver 
[2026-08-02 08:14:18] [INFO] Campaign: cmp_e761c9a28b5604429ace869a | Job: job_55fd36af16a369bad8de_484 | Dispatched to nanaoseipokuagyemang123@gmail.com via mail driver 
[2026-08-02 08:14:18] [INFO] Campaign: cmp_e761c9a28b5604429ace869a | Job: job_2c2dcc4f3d2839b8a46a_485 | Dispatched to jm8114687@gmail.com via mail driver 
[2026-08-02 08:14:18] [INFO] Campaign: cmp_e761c9a28b5604429ace869a | Job: job_248df9ac8218941fea21_486 | Dispatched to briantarimo45@gmail.com via mail driver 
[2026-08-02 08:14:19] [INFO] Campaign: cmp_e761c9a28b5604429ace869a | Job: job_5592314e1012e82d9ed6_487 | Dispatched to prudencemtete@gmail.com via mail driver 
[2026-08-02 08:14:19] [INFO] Campaign: cmp_e761c9a28b5604429ace869a | Job: job_161c5c9809c656b9b540_488 | Dispatched to aasaboidris@gmail.com via mail driver 
[2026-08-02 08:14:19] [INFO] Campaign: cmp_e761c9a28b5604429ace869a | Job: job_a2ebb86e38c39194da96_489 | Dispatched to jameslevi302@gmail.com via mail driver 
[2026-08-02 08:14:19] [INFO] Campaign: cmp_e761c9a28b5604429ace869a | Job: job_f23d5658b3a3cfaf02bd_490 | Dispatched to vickigen@gmail.com via mail driver 
[2026-08-02 08:14:19] [INFO] Campaign: cmp_e761c9a28b5604429ace869a | Job: job_2d1256733ed77dd55ddf_491 | Dispatched to rankingrapho@gmail.com via mail driver 
[2026-08-02 08:14:19] [INFO] Campaign: cmp_e761c9a28b5604429ace869a | Job: job_97b6f8c00ef61b4393dd_492 | Dispatched to newtonjw1914@gmail.com via mail driver 
[2026-08-02 08:14:20] [INFO] Campaign: cmp_e761c9a28b5604429ace869a | Job: job_aa3c955de3a4e84d7cd7_493 | Dispatched to felixonyango250@gmail.com via mail driver 
[2026-08-02 08:14:20] [INFO] Campaign: cmp_e761c9a28b5604429ace869a | Job: job_bb2e622d5ce4fd31d399_494 | Dispatched to alexmungai573@gmail.com via mail driver 
[2026-08-02 08:14:20] [INFO] Campaign: cmp_e761c9a28b5604429ace869a | Job: job_069340bda63d34d8acdf_495 | Dispatched to floydshingange30@gmail.com via mail driver 
[2026-08-02 08:14:20] [INFO] Campaign: cmp_e761c9a28b5604429ace869a | Job: job_303b8568423f06e9102c_496 | Dispatched to pickview254@gmail.com via mail driver 
[2026-08-02 08:14:20] [INFO] Campaign: cmp_e761c9a28b5604429ace869a | Job: job_6136d84e91f8f3fea22d_497 | Dispatched to dayvieart@gmail.com via mail driver 
[2026-08-02 08:14:21] [INFO] Campaign: cmp_e761c9a28b5604429ace869a | Job: job_90a4537ab707e86f4fbe_498 | Dispatched to taykeithtaykeith2070@gmail.com via mail driver 
[2026-08-02 08:14:21] [INFO] Campaign: cmp_e761c9a28b5604429ace869a | Job: job_2dcb2f7a16f74748fb90_499 | Dispatched to ruttoclare@gmail.com via mail driver 
[2026-08-02 08:14:21] [INFO] Campaign: cmp_e761c9a28b5604429ace869a | Job: job_4772ce78f50c6cd4bf1b_500 | Dispatched to cryptobondke@gmail.com via mail driver 
[2026-08-02 08:14:21] [INFO] Campaign: cmp_e761c9a28b5604429ace869a | Job: job_d7ce3a78a83955e7582b_501 | Dispatched to festusagidho@gmail.com via mail driver 
[2026-08-02 08:14:22] [INFO] Campaign: cmp_e761c9a28b5604429ace869a | Job: job_bf7c5506006975ef32d2_502 | Dispatched to mwangiemik22@gmail.com via mail driver 
[2026-08-02 08:14:22] [INFO] Campaign: cmp_e761c9a28b5604429ace869a | Job: job_a6cb74c0d3c95dbb7474_503 | Dispatched to suzziewanjak300@gmail.com via mail driver 
[2026-08-02 08:14:22] [INFO] Campaign: cmp_e761c9a28b5604429ace869a | Job: job_a35add52ed99a1018b7f_504 | Dispatched to meshivshiv137@gmail.com via mail driver 
[2026-08-02 08:14:22] [INFO] Campaign: cmp_e761c9a28b5604429ace869a | Job: job_ab93643823caa57884b4_505 | Dispatched to thieymamuch@gmail.com via mail driver 
[2026-08-02 08:14:22] [INFO] Campaign: cmp_e761c9a28b5604429ace869a | Job: job_c5c395b4d4ec1da294f9_506 | Dispatched to khallbrian931@gmail.com via mail driver 
[2026-08-02 08:14:23] [INFO] Campaign: cmp_e761c9a28b5604429ace869a | Job: job_8cda06424cdcebe514f4_507 | Dispatched to daisynyaga9@gmail.com via mail driver 
[2026-08-02 08:14:23] [INFO] Campaign: cmp_e761c9a28b5604429ace869a | Job: job_f4969de56d4d661cc78a_508 | Dispatched to fnakato543@gmail.com via mail driver 
[2026-08-02 08:14:23] [INFO] Campaign: cmp_e761c9a28b5604429ace869a | Job: job_035b367ae7e5e885988a_509 | Dispatched to hilabor52@gmail.com via mail driver 
[2026-08-02 08:14:23] [INFO] Campaign: cmp_e761c9a28b5604429ace869a | Job: job_bee42ae5cf3f80c651df_510 | Dispatched to hjane3097@gmail.com via mail driver 
[2026-08-02 08:14:23] [INFO] Campaign: cmp_e761c9a28b5604429ace869a | Job: job_ce7f9954e8154bda8bc9_511 | Dispatched to kennedymuia42@gmail.com via mail driver 
[2026-08-02 08:14:26] [INFO] Campaign: cmp_e761c9a28b5604429ace869a | Job: job_56a997c4e6aa0f9ea35e_512 | Dispatched to ngumodismus@gmail.com via mail driver 
[2026-08-02 08:14:26] [INFO] Campaign: cmp_e761c9a28b5604429ace869a | Job: job_5513707e24d1b092ac28_513 | Dispatched to mukokitokelo@gmail.com via mail driver 
[2026-08-02 08:14:26] [INFO] Campaign: cmp_e761c9a28b5604429ace869a | Job: job_dcc5a108d02f5e651194_514 | Dispatched to masikaprimas442@gmail.com via mail driver 
[2026-08-02 08:14:26] [INFO] Campaign: cmp_e761c9a28b5604429ace869a | Job: job_7050c7a948e2ed7caa91_515 | Dispatched to dmbonihankuye@gmail.com via mail driver 
[2026-08-02 08:14:26] [INFO] Campaign: cmp_e761c9a28b5604429ace869a | Job: job_1c426dd2d7a3f8bce44f_516 | Dispatched to wafulaeveta@gmail.com via mail driver 
[2026-08-02 08:14:27] [INFO] Campaign: cmp_e761c9a28b5604429ace869a | Job: job_07dece7d4ce0cec7b3bf_517 | Dispatched to omukarahumphrey07@gmail.com via mail driver 
[2026-08-02 08:14:27] [INFO] Campaign: cmp_e761c9a28b5604429ace869a | Job: job_30db97e74e46859f77d9_518 | Dispatched to munialoconnie@gmail.com via mail driver 
[2026-08-02 08:14:27] [INFO] Campaign: cmp_e761c9a28b5604429ace869a | Job: job_bb57a16c89b675ab0387_519 | Dispatched to kimathikelvin788@gmail.com via mail driver 
[2026-08-02 08:14:27] [INFO] Campaign: cmp_e761c9a28b5604429ace869a | Job: job_d55e8ec2410784c1e7f3_520 | Dispatched to mannjoro2@gmail.com via mail driver 
[2026-08-02 08:14:27] [INFO] Campaign: cmp_e761c9a28b5604429ace869a | Job: job_5040c1440916ae68a2f9_521 | Dispatched to kipkiruiaaron08@gmail.com via mail driver 
[2026-08-02 08:14:28] [INFO] Campaign: cmp_e761c9a28b5604429ace869a | Job: job_328e403154417d552bfc_522 | Dispatched to donmasilver254@gmail.com via mail driver 
[2026-08-02 08:14:28] [INFO] Campaign: cmp_e761c9a28b5604429ace869a | Job: job_2cac68e06368731fb3f0_523 | Dispatched to akenyahedmond@gmail.com via mail driver 
[2026-08-02 08:14:28] [INFO] Campaign: cmp_e761c9a28b5604429ace869a | Job: job_02c288ce4896b4d6ce00_524 | Dispatched to samihsamih9894@gmail.com via mail driver 
[2026-08-02 08:14:29] [INFO] Campaign: cmp_e761c9a28b5604429ace869a | Job: job_01d44615836638d4606d_525 | Dispatched to owinowilton5@gmail.com via mail driver 
[2026-08-02 08:14:29] [INFO] Campaign: cmp_e761c9a28b5604429ace869a | Job: job_0b7d5df4f380ff5e110b_526 | Dispatched to dzikpehjean@gmail.com via mail driver 
[2026-08-02 08:14:29] [INFO] Campaign: cmp_e761c9a28b5604429ace869a | Job: job_05c69afe980dc238b840_527 | Dispatched to acesstephen@gmail.com via mail driver 
[2026-08-02 08:14:29] [INFO] Campaign: cmp_e761c9a28b5604429ace869a | Job: job_1f6bb015b4f9a8195716_528 | Dispatched to kiproptudo0@gmail.com via mail driver 
[2026-08-02 08:14:29] [INFO] Campaign: cmp_e761c9a28b5604429ace869a | Job: job_07a07a62a99b1bbb03d1_529 | Dispatched to makobegi@gmail.com via mail driver 
[2026-08-02 08:14:30] [INFO] Campaign: cmp_e761c9a28b5604429ace869a | Job: job_daf8f6f937b4219f6ab1_530 | Dispatched to davajifx@gmail.com via mail driver 
[2026-08-02 08:14:30] [INFO] Campaign: cmp_e761c9a28b5604429ace869a | Job: job_2b3aba9d6093594d249e_531 | Dispatched to gathurijk@gmail.com via mail driver 
[2026-08-02 08:14:30] [INFO] Campaign: cmp_e761c9a28b5604429ace869a | Job: job_b71e61c34eca54ba7af8_532 | Dispatched to lameckmatiko224@gmail.com via mail driver 
[2026-08-02 08:14:30] [INFO] Campaign: cmp_e761c9a28b5604429ace869a | Job: job_7ee753547e154f933fad_533 | Dispatched to judywangithi0@gmail.com via mail driver 
[2026-08-02 08:14:30] [INFO] Campaign: cmp_e761c9a28b5604429ace869a | Job: job_dbc268464ffc5881c315_534 | Dispatched to brightm447@gmail.com via mail driver 
[2026-08-02 08:14:34] [INFO] Campaign: cmp_e761c9a28b5604429ace869a | Job: job_f8b094802163be38a7e4_535 | Dispatched to yattasteven@gmail.com via mail driver 
[2026-08-02 08:14:34] [INFO] Campaign: cmp_e761c9a28b5604429ace869a | Job: job_5c228a21e5b2cb47801d_536 | Dispatched to tugumeismeal@gmail.com via mail driver 
[2026-08-02 08:14:34] [INFO] Campaign: cmp_e761c9a28b5604429ace869a | Job: job_3929586e4d67c1e4899f_537 | Dispatched to muthuiflora99@gmail.com via mail driver 
[2026-08-02 08:14:34] [INFO] Campaign: cmp_e761c9a28b5604429ace869a | Job: job_db14b96a96b5110857ee_538 | Dispatched to danielmuthui245@gmail.com via mail driver 
[2026-08-02 08:14:34] [INFO] Campaign: cmp_e761c9a28b5604429ace869a | Job: job_f56527dcbe9c43df83a1_539 | Dispatched to amoremageto001@gmail.com via mail driver 
[2026-08-02 08:14:35] [INFO] Campaign: cmp_e761c9a28b5604429ace869a | Job: job_f18e12d18644bdceef47_540 | Dispatched to amonditina27@gmail.com via mail driver 
[2026-08-02 08:14:35] [INFO] Campaign: cmp_e761c9a28b5604429ace869a | Job: job_5e926a3daddbbc418a9d_541 | Dispatched to michaelnjuguna142@gmail.com via mail driver 
[2026-08-02 08:14:35] [INFO] Campaign: cmp_e761c9a28b5604429ace869a | Job: job_0f60edece804d8478484_542 | Dispatched to felix.amtos@gmail.com via mail driver 
[2026-08-02 08:14:35] [INFO] Campaign: cmp_e761c9a28b5604429ace869a | Job: job_37320b874ca302680271_543 | Dispatched to kendaclinton44@gmail.com via mail driver 
[2026-08-02 08:14:35] [INFO] Campaign: cmp_e761c9a28b5604429ace869a | Job: job_bc8a0dea85b86dcf3df8_544 | Dispatched to cheroodavis@gmail.com via mail driver 
[2026-08-02 08:14:36] [INFO] Campaign: cmp_e761c9a28b5604429ace869a | Job: job_15a0780378d4ebd7a62f_545 | Dispatched to baslager604@gmail.com via mail driver 
[2026-08-02 08:14:36] [INFO] Campaign: cmp_e761c9a28b5604429ace869a | Job: job_50298d09d9b52abcea3d_546 | Dispatched to ainebyonaderrick1991@gmail.com via mail driver 
[2026-08-02 08:14:36] [INFO] Campaign: cmp_e761c9a28b5604429ace869a | Job: job_3efa7d7c5317ee4bfcdb_547 | Dispatched to waynemadhuku1@gmail.com via mail driver 
[2026-08-02 08:14:36] [INFO] Campaign: cmp_e761c9a28b5604429ace869a | Job: job_a0c0bc3fc4933e996a6e_548 | Dispatched to josephndolie014@gmail.com via mail driver 
[2026-08-02 08:14:36] [INFO] Campaign: cmp_e761c9a28b5604429ace869a | Job: job_65fbf85cd9598bcfb4ed_549 | Dispatched to esther.nganga@student.moringaschool.com via mail driver 
[2026-08-02 08:14:37] [INFO] Campaign: cmp_e761c9a28b5604429ace869a | Job: job_30f13ea84400f0509346_550 | Dispatched to nisidavids6@gmail.com via mail driver 
[2026-08-02 08:14:37] [INFO] Campaign: cmp_e761c9a28b5604429ace869a | Job: job_7b425c8478c0dd6bde5a_551 | Dispatched to dyegon821@gmail.com via mail driver 
[2026-08-02 08:14:37] [INFO] Campaign: cmp_e761c9a28b5604429ace869a | Job: job_9557638258e56be2fc84_552 | Dispatched to langatravine@gmail.com via mail driver 
[2026-08-02 08:14:37] [INFO] Campaign: cmp_e761c9a28b5604429ace869a | Job: job_904d5dc1c6ee4aea25b1_553 | Dispatched to mogenigeoffrey52@gmail.com via mail driver 
[2026-08-02 08:14:38] [INFO] Campaign: cmp_e761c9a28b5604429ace869a | Job: job_d83d2d26bcd7e05f16b6_554 | Dispatched to fredmianok@gmail.com via mail driver 
[2026-08-02 08:14:38] [INFO] Campaign: cmp_e761c9a28b5604429ace869a | Job: job_4bca6c3adcc616b16622_555 | Dispatched to nyaboke179@gmail.com via mail driver 
[2026-08-02 08:14:38] [INFO] Campaign: cmp_e761c9a28b5604429ace869a | Job: job_c7345cb2867e85c91b41_556 | Dispatched to dietsland12@gmail.com via mail driver 
[2026-08-02 08:14:38] [INFO] Campaign: cmp_e761c9a28b5604429ace869a | Job: job_06c3d51385d70ed61041_557 | Dispatched to zippykihato@gmail.com via mail driver 
[2026-08-02 08:14:38] [INFO] Campaign: cmp_e761c9a28b5604429ace869a | Job: job_aac2b661489b32dc5928_558 | Dispatched to siyattey2078@gmail.com via mail driver 
[2026-08-02 08:14:39] [INFO] Campaign: cmp_e761c9a28b5604429ace869a | Job: job_3f2fa3985a356eda5016_559 | Dispatched to cyrilnzavi@gmail.com via mail driver 
[2026-08-02 08:14:39] [INFO] Campaign: cmp_e761c9a28b5604429ace869a | Job: job_5236e2f6a5a54f89afbe_560 | Dispatched to ronniesero@gmail.com via mail driver 
[2026-08-02 08:14:39] [INFO] Campaign: cmp_e761c9a28b5604429ace869a | Job: job_523b05fc4800ae5d1b7c_561 | Dispatched to emeldahukiru@gmail.com via mail driver 
[2026-08-02 08:14:39] [INFO] Campaign: cmp_e761c9a28b5604429ace869a | Job: job_23597604f7b78445d3d5_562 | Dispatched to evatonmuthomi@gmail.com via mail driver 
[2026-08-02 08:14:39] [INFO] Campaign: cmp_e761c9a28b5604429ace869a | Job: job_1e066ead20d21ad93215_563 | Dispatched to charlesbulaaya961@gmail.com via mail driver 
[2026-08-02 08:14:40] [INFO] Campaign: cmp_e761c9a28b5604429ace869a | Job: job_8a51032c88ce215838be_564 | Dispatched to felixodhiambo1495@gmail.com via mail driver 
[2026-08-02 08:14:40] [INFO] Campaign: cmp_e761c9a28b5604429ace869a | Job: job_c3684b12149ed1d86908_565 | Dispatched to nthengep2@gmail.com via mail driver 
[2026-08-02 08:14:40] [INFO] Campaign: cmp_e761c9a28b5604429ace869a | Job: job_4de53a04d68a4b2fb3e7_566 | Dispatched to solomonmwita18@gmail.com via mail driver 
[2026-08-02 08:14:40] [INFO] Campaign: cmp_e761c9a28b5604429ace869a | Job: job_1acd9bd578dc40210e65_567 | Dispatched to rotgroupr@gmail.com via mail driver 
[2026-08-02 08:14:40] [INFO] Campaign: cmp_e761c9a28b5604429ace869a | Job: job_22637d3fb02af01753d1_568 | Dispatched to khumbulani036@gmail.com via mail driver 
[2026-08-02 08:14:44] [INFO] Campaign: cmp_e761c9a28b5604429ace869a | Job: job_413346b6df9a84699481_569 | Dispatched to dennilson289@gmail.com via mail driver 
[2026-08-02 08:14:44] [INFO] Campaign: cmp_e761c9a28b5604429ace869a | Job: job_72def84dc1d7116cf1a0_570 | Dispatched to petergatheru80@gmail.com via mail driver 
[2026-08-02 08:14:45] [INFO] Campaign: cmp_e761c9a28b5604429ace869a | Job: job_d66353193246a8ffedf4_571 | Dispatched to elvinkatobarigye@gmail.com via mail driver 
[2026-08-02 08:14:45] [INFO] Campaign: cmp_e761c9a28b5604429ace869a | Job: job_46dffdf534744b86e439_572 | Dispatched to thesilenttrader6@gmail.com via mail driver 
[2026-08-02 08:14:45] [INFO] Campaign: cmp_e761c9a28b5604429ace869a | Job: job_45a55e33cae023281ba7_573 | Dispatched to alicealice1433@gmail.com via mail driver 
[2026-08-02 08:14:45] [INFO] Campaign: cmp_e761c9a28b5604429ace869a | Job: job_edaf6ff222a97fb922d5_574 | Dispatched to denniskariuki1604@gmail.com via mail driver 
[2026-08-02 08:14:46] [INFO] Campaign: cmp_e761c9a28b5604429ace869a | Job: job_360b05b44758e6647071_575 | Dispatched to milliano096@gmail.com via mail driver 
[2026-08-02 08:14:46] [INFO] Campaign: cmp_e761c9a28b5604429ace869a | Job: job_cfbc866975117381b7e1_576 | Dispatched to hope_see@hotmail.com via mail driver 
[2026-08-02 08:14:46] [INFO] Campaign: cmp_e761c9a28b5604429ace869a | Job: job_0e311926e2f449e4a24e_577 | Dispatched to nwanja2@gmail.com via mail driver 
[2026-08-02 08:14:46] [INFO] Campaign: cmp_e761c9a28b5604429ace869a | Job: job_f6e8eaf8de6da35675ca_578 | Dispatched to samuelnyongesa008@gmail.com via mail driver 
[2026-08-02 08:14:46] [INFO] Campaign: cmp_e761c9a28b5604429ace869a | Job: job_2f1a3d9003beabb94d38_579 | Dispatched to shafikbtlm@gmail.com via mail driver 
[2026-08-02 08:14:47] [INFO] Campaign: cmp_e761c9a28b5604429ace869a | Job: job_4e39ad809558b8b738aa_580 | Dispatched to rochellemurungi@gmail.com via mail driver 
[2026-08-02 08:14:47] [INFO] Campaign: cmp_e761c9a28b5604429ace869a | Job: job_627755e6385d503899b7_581 | Dispatched to mauricet6463@gmail.com via mail driver 
[2026-08-02 08:14:47] [INFO] Campaign: cmp_e761c9a28b5604429ace869a | Job: job_e9ad8c45210dc29cbf2a_582 | Dispatched to yassinhareri066@gmail.com via mail driver 
[2026-08-02 08:14:47] [INFO] Campaign: cmp_e761c9a28b5604429ace869a | Job: job_fb3107624b32ba6a8bb1_583 | Dispatched to luisfigomusungu@gmail.com via mail driver 
[2026-08-02 08:14:47] [INFO] Campaign: cmp_e761c9a28b5604429ace869a | Job: job_3d801cb1347bab19cfdf_584 | Dispatched to rhyankipruto9@gmail.com via mail driver 
[2026-08-02 08:14:48] [INFO] Campaign: cmp_e761c9a28b5604429ace869a | Job: job_5498ceb6b7b3f471491f_585 | Dispatched to edwinmugo877@gmail.com via mail driver 
[2026-08-02 08:14:48] [INFO] Campaign: cmp_e761c9a28b5604429ace869a | Job: job_8e3ef5e95606d87709b1_586 | Dispatched to kelvinmburu805@gmail.com via mail driver 
[2026-08-02 08:14:48] [INFO] Campaign: cmp_e761c9a28b5604429ace869a | Job: job_4bd2a845c1addd7163ab_587 | Dispatched to victorkiprono996@gmail.com via mail driver 
[2026-08-02 08:14:48] [INFO] Campaign: cmp_e761c9a28b5604429ace869a | Job: job_c9a8901b3d297180766a_588 | Dispatched to maxwellyoung254@gmail.com via mail driver 
[2026-08-02 08:14:48] [INFO] Campaign: cmp_e761c9a28b5604429ace869a | Job: job_7b587046d33e78d4cb83_589 | Dispatched to fate02festus@gmail.com via mail driver 
[2026-08-02 08:14:48] [INFO] Campaign: cmp_e761c9a28b5604429ace869a | Job: job_3c93a91effb3ec522a6b_590 | Dispatched to rodgersodongo256@gmail.com via mail driver 
[2026-08-02 08:14:49] [INFO] Campaign: cmp_e761c9a28b5604429ace869a | Job: job_6bbf115427ede7c9e1d7_591 | Dispatched to nyardieab@gmail.com via mail driver 
[2026-08-02 08:14:49] [INFO] Campaign: cmp_e761c9a28b5604429ace869a | Job: job_225221c05400c2f765b3_592 | Dispatched to musaomondi@gmail.com via mail driver 
[2026-08-02 08:14:49] [INFO] Campaign: cmp_e761c9a28b5604429ace869a | Job: job_7fd6d0843f16158bc54d_593 | Dispatched to nelly02awuor@gmail.com via mail driver 
[2026-08-02 08:14:49] [INFO] Campaign: cmp_e761c9a28b5604429ace869a | Job: job_8b68ef1bc5ae86ed8169_594 | Dispatched to faichege15@gmail.com via mail driver 
[2026-08-02 08:14:49] [INFO] Campaign: cmp_e761c9a28b5604429ace869a | Job: job_778f0474995f4bf36bf8_595 | Dispatched to chesiremeshack8@gmail.com via mail driver 
[2026-08-02 08:14:50] [INFO] Campaign: cmp_e761c9a28b5604429ace869a | Job: job_0f1206fd655b951de7b5_596 | Dispatched to mangohlanthrop@gmail.com via mail driver 
[2026-08-02 08:14:50] [INFO] Campaign: cmp_e761c9a28b5604429ace869a | Job: job_9bade69ef4abe4c5be2b_597 | Dispatched to faithjambi6@gmail.com via mail driver 
[2026-08-02 08:14:50] [INFO] Campaign: cmp_e761c9a28b5604429ace869a | Job: job_ab412ddc2717ed639828_598 | Dispatched to pkiarii1@gmail.com via mail driver 
[2026-08-02 08:14:50] [INFO] Campaign: cmp_e761c9a28b5604429ace869a | Job: job_8483e5b333f2d66d4d7b_599 | Dispatched to harrygillett1@hotmail.com via mail driver 
[2026-08-02 08:14:51] [INFO] Campaign: cmp_e761c9a28b5604429ace869a | Job: job_81bf5b1b7f826da5a9eb_600 | Dispatched to mathewdan1212@gmail.com via mail driver 
[2026-08-02 08:14:51] [INFO] Campaign: cmp_e761c9a28b5604429ace869a | Job: job_4ecfcc0da41af2bb902a_601 | Dispatched to qhalikali@gmail.com via mail driver 
[2026-08-02 08:14:51] [INFO] Campaign: cmp_e761c9a28b5604429ace869a | Job: job_44b28316c7843555ca50_602 | Dispatched to randjeff529@gmail.com via mail driver 
[2026-08-02 08:14:51] [INFO] Campaign: cmp_e761c9a28b5604429ace869a | Job: job_07723a5e7eab39dcc5ed_603 | Dispatched to trespazz808@gmail.com via mail driver 
[2026-08-02 08:14:52] [INFO] Campaign: cmp_e761c9a28b5604429ace869a | Job: job_bbff8b0837267e36b7a2_604 | Dispatched to jalduongdit@gmail.com via mail driver 
[2026-08-02 08:14:52] [INFO] Campaign: cmp_e761c9a28b5604429ace869a | Job: job_258f9484b3bc26f30e8d_605 | Dispatched to realtycoon254@gmail.com via mail driver 
[2026-08-02 08:14:52] [INFO] Campaign: cmp_e761c9a28b5604429ace869a | Job: job_a687d0165e7079d4f643_606 | Dispatched to gemsmiths63@gmail.com via mail driver 
[2026-08-02 08:14:52] [INFO] Campaign: cmp_e761c9a28b5604429ace869a | Job: job_c9fafc77194238aa8e3d_607 | Dispatched to evanssang333@gmail.com via mail driver 
[2026-08-02 08:14:52] [INFO] Campaign: cmp_e761c9a28b5604429ace869a | Job: job_1eb20b37e802ff6a575b_608 | Dispatched to jojoobol4@gmail.com via mail driver 
[2026-08-02 08:14:53] [INFO] Campaign: cmp_e761c9a28b5604429ace869a | Job: job_727ffe2f8e05d2a5b662_609 | Dispatched to kiplimokering@gmail.com via mail driver 
[2026-08-02 08:14:55] [INFO] Campaign: cmp_e761c9a28b5604429ace869a | Job: job_192d20de829aa6936d42_610 | Dispatched to ngenogideon758@gmail.com via mail driver 
[2026-08-02 08:14:55] [INFO] Campaign: cmp_e761c9a28b5604429ace869a | Job: job_ea2fd09d58be3a1990a0_611 | Dispatched to nasconezy73@gmail.com via mail driver 
[2026-08-02 08:14:55] [INFO] Campaign: cmp_e761c9a28b5604429ace869a | Job: job_f07810444762d5076b1f_612 | Dispatched to tidohfx@gmail.com via mail driver 
[2026-08-02 08:14:55] [INFO] Campaign: cmp_e761c9a28b5604429ace869a | Job: job_8901d3b7a1671fc418fa_613 | Dispatched to saidsheikh3030@gmail.com via mail driver 
[2026-08-02 08:14:56] [INFO] Campaign: cmp_e761c9a28b5604429ace869a | Job: job_68aced8914c334c7fa3b_614 | Dispatched to jamesngovu5@gmail.com via mail driver 
[2026-08-02 08:14:56] [INFO] Campaign: cmp_e761c9a28b5604429ace869a | Job: job_83ab6904b8ba64a06df7_615 | Dispatched to abduesmael10@gmail.com via mail driver 
[2026-08-02 08:14:56] [INFO] Campaign: cmp_e761c9a28b5604429ace869a | Job: job_14aefa18d2e85c4d55f8_616 | Dispatched to abilasharon83@gmail.com via mail driver 
[2026-08-02 08:14:56] [INFO] Campaign: cmp_e761c9a28b5604429ace869a | Job: job_816efb19821790fb7c7a_617 | Dispatched to ezewacky@gmail.com via mail driver 
[2026-08-02 08:14:56] [INFO] Campaign: cmp_e761c9a28b5604429ace869a | Job: job_6a74e548395f40827022_618 | Dispatched to chelule.rosse@gmail.com via mail driver 
[2026-08-02 08:14:57] [INFO] Campaign: cmp_e761c9a28b5604429ace869a | Job: job_f8cb49479840f3e1592a_619 | Dispatched to gackstoneb@gmail.com via mail driver 
[2026-08-02 08:14:57] [INFO] Campaign: cmp_e761c9a28b5604429ace869a | Job: job_7469862e770a62653b1b_620 | Dispatched to kayumbayves258@gmail.com via mail driver 
[2026-08-02 08:14:57] [INFO] Campaign: cmp_e761c9a28b5604429ace869a | Job: job_b5d2addaf6e3b1a02e1e_621 | Dispatched to sabastianndonga87@gmail.com via mail driver 
[2026-08-02 08:14:57] [INFO] Campaign: cmp_e761c9a28b5604429ace869a | Job: job_eabdece69caa36ff8fe0_622 | Dispatched to kiaithuo@gmail.com via mail driver 
[2026-08-02 08:14:57] [INFO] Campaign: cmp_e761c9a28b5604429ace869a | Job: job_c7df53302a4b15de536d_623 | Dispatched to alhajidguy@gmail.com via mail driver 
[2026-08-02 08:14:57] [INFO] Campaign: cmp_e761c9a28b5604429ace869a | Job: job_c5f6a9d8790834f2ca7d_624 | Dispatched to judecedric@gmail.com via mail driver 
[2026-08-02 08:14:58] [INFO] Campaign: cmp_e761c9a28b5604429ace869a | Job: job_f641d0890aaa9f8eb7ba_625 | Dispatched to rachelchege@gmail.com via mail driver 
[2026-08-02 08:14:58] [INFO] Campaign: cmp_e761c9a28b5604429ace869a | Job: job_5e946dba518f382a3707_626 | Dispatched to rethabiletumiso12@gmail.com via mail driver 
[2026-08-02 08:14:58] [INFO] Campaign: cmp_e761c9a28b5604429ace869a | Job: job_0829abf391f6c1977cb5_627 | Dispatched to mutaiedison440@gmail.com via mail driver 
[2026-08-02 08:14:58] [INFO] Campaign: cmp_e761c9a28b5604429ace869a | Job: job_9434483a25d2a94bf70a_628 | Dispatched to thmkhabza@gmail.com via mail driver 
[2026-08-02 08:14:59] [INFO] Campaign: cmp_e761c9a28b5604429ace869a | Job: job_1493baf1afb720245640_629 | Dispatched to langatr343@gmail.com via mail driver 
[2026-08-02 08:14:59] [INFO] Campaign: cmp_e761c9a28b5604429ace869a | Job: job_b5d1c2307fcd404a1433_630 | Dispatched to bennylemayian001@gmail.com via mail driver 
[2026-08-02 08:14:59] [INFO] Campaign: cmp_e761c9a28b5604429ace869a | Job: job_19aa57e6090f722c18df_631 | Dispatched to mavadongash2772@gmail.com via mail driver 
[2026-08-02 08:14:59] [INFO] Campaign: cmp_e761c9a28b5604429ace869a | Job: job_e45f7b67bbe63eb030bc_632 | Dispatched to chalymurunga@gmail.com via mail driver 
[2026-08-02 08:14:59] [INFO] Campaign: cmp_e761c9a28b5604429ace869a | Job: job_ce3ca12fba5bedc154bf_633 | Dispatched to dd2492545@gmail.com via mail driver 
[2026-08-02 08:15:00] [INFO] Campaign: cmp_e761c9a28b5604429ace869a | Job: job_7b3464d1e0414748dc0b_634 | Dispatched to 0706045677m@gmail.com via mail driver 
[2026-08-02 08:15:00] [INFO] Campaign: cmp_e761c9a28b5604429ace869a | Job: job_760496b50a0536068e68_635 | Dispatched to malianeema44@gmail.com via mail driver 
[2026-08-02 08:15:00] [INFO] Campaign: cmp_e761c9a28b5604429ace869a | Job: job_aa9b929281fd7eaaa838_636 | Dispatched to su_isham@hotmail.com via mail driver 
[2026-08-02 08:15:00] [INFO] Campaign: cmp_e761c9a28b5604429ace869a | Job: job_8fd37a22cff9abbb9010_637 | Dispatched to bonifacekaranja163@gmail.com via mail driver 
[2026-08-02 08:15:00] [INFO] Campaign: cmp_e761c9a28b5604429ace869a | Job: job_105daa351002ccd9e759_638 | Dispatched to gloriamakau@gmail.com via mail driver 
[2026-08-02 08:15:01] [INFO] Campaign: cmp_e761c9a28b5604429ace869a | Job: job_90ff2da259e7e61d1244_639 | Dispatched to emaluleke987@gmail.com via mail driver 
[2026-08-02 08:15:03] [INFO] Campaign: cmp_e761c9a28b5604429ace869a | Job: job_44cfd3354bce98af9f53_640 | Dispatched to thulani7206@gmail.com via mail driver 
[2026-08-02 08:15:03] [INFO] Campaign: cmp_e761c9a28b5604429ace869a | Job: job_f2343402e1acfbcba922_641 | Dispatched to sydman198@gmail.com via mail driver 
[2026-08-02 08:15:03] [INFO] Campaign: cmp_e761c9a28b5604429ace869a | Job: job_fa1ef4c2556ec54912c7_642 | Dispatched to carolyne.bakasa@gmail.com via mail driver 
[2026-08-02 08:15:04] [INFO] Campaign: cmp_e761c9a28b5604429ace869a | Job: job_ad9da45797b91b518a8f_643 | Dispatched to djaziranina@gmail.com via mail driver 
[2026-08-02 08:15:04] [INFO] Campaign: cmp_e761c9a28b5604429ace869a | Job: job_4f35f4f6670f55d3bcd4_644 | Dispatched to carolsongi@gmail.com via mail driver 
[2026-08-02 08:15:04] [INFO] Campaign: cmp_e761c9a28b5604429ace869a | Job: job_2d38a9a41f0cad8332c0_645 | Dispatched to chuoldejul503@gmail.com via mail driver 
[2026-08-02 08:15:07] [INFO] Campaign: cmp_e761c9a28b5604429ace869a | Job: job_dbc94858c41bd3ffe4a7_646 | Dispatched to dennismuthusi4@gmail.com via mail driver 
[2026-08-02 08:15:07] [INFO] Campaign: cmp_e761c9a28b5604429ace869a | Job: job_3e3909e25355d4139751_647 | Dispatched to kindersonnyoks@gmail.com via mail driver 
[2026-08-02 08:15:07] [INFO] Campaign: cmp_e761c9a28b5604429ace869a | Job: job_3ad83a1c339543937a86_648 | Dispatched to aweolumidedavid@gmail.com via mail driver 
[2026-08-02 08:15:07] [INFO] Campaign: cmp_e761c9a28b5604429ace869a | Job: job_fc55e95c0ea9ba647fef_649 | Dispatched to patricknjoki6076@gmail.com via mail driver 
[2026-08-02 08:15:08] [INFO] Campaign: cmp_e761c9a28b5604429ace869a | Job: job_3d4b56e04b808b6e5a80_650 | Dispatched to c44863184@gmail.com via mail driver 
[2026-08-02 08:15:08] [INFO] Campaign: cmp_e761c9a28b5604429ace869a | Job: job_f26fe8520b66d66ea01e_651 | Dispatched to omardaddy32@gmail.com via mail driver 
[2026-08-02 08:15:08] [INFO] Campaign: cmp_e761c9a28b5604429ace869a | Job: job_5bf8c887e328707d2ba7_652 | Dispatched to mutindasamuel71@gmail.com via mail driver 
[2026-08-02 08:15:08] [INFO] Campaign: cmp_e761c9a28b5604429ace869a | Job: job_55f2e25d40ce9dc49801_653 | Dispatched to kbean993@gmail.com via mail driver 
[2026-08-02 08:15:09] [INFO] Campaign: cmp_e761c9a28b5604429ace869a | Job: job_36c6564bae12bde76e51_654 | Dispatched to handrakany243@gmail.com via mail driver 
[2026-08-02 08:15:09] [INFO] Campaign: cmp_e761c9a28b5604429ace869a | Job: job_912507612834b42cb50b_655 | Dispatched to diogene940@hotmail.com via mail driver 
[2026-08-02 08:15:09] [INFO] Campaign: cmp_e761c9a28b5604429ace869a | Job: job_576b31bba669c95f6f05_656 | Dispatched to allanbutali@gmail.com via mail driver 
[2026-08-02 08:15:09] [INFO] Campaign: cmp_e761c9a28b5604429ace869a | Job: job_1610f0eac36537af6777_657 | Dispatched to kevinwekesa019@gmail.com via mail driver 
[2026-08-02 08:15:10] [INFO] Campaign: cmp_e761c9a28b5604429ace869a | Job: job_9795ee4aa37233947260_658 | Dispatched to orekderrick@gmail.com via mail driver 
[2026-08-02 08:15:10] [INFO] Campaign: cmp_e761c9a28b5604429ace869a | Job: job_aff4f8ee828710ad43a5_659 | Dispatched to cornelomondi25@gmail.com via mail driver 
[2026-08-02 08:15:10] [INFO] Campaign: cmp_e761c9a28b5604429ace869a | Job: job_6bf96f78de2145bcecaf_660 | Dispatched to princedannyk254@gmail.com via mail driver 
[2026-08-02 08:15:10] [INFO] Campaign: cmp_e761c9a28b5604429ace869a | Job: job_05fef3525dbbe4465abd_661 | Dispatched to ngangatony70@gmail.com via mail driver 
[2026-08-02 08:15:10] [INFO] Campaign: cmp_e761c9a28b5604429ace869a | Job: job_4a3d1b7c400c8e284f07_662 | Dispatched to sevenskenya@gmail.com via mail driver 
[2026-08-02 08:15:13] [INFO] Campaign: cmp_e761c9a28b5604429ace869a | Job: job_c5f3ed6c25db59c2b8d4_663 | Dispatched to kimtoo5448@gmail.com via mail driver 
[2026-08-02 08:15:13] [INFO] Campaign: cmp_e761c9a28b5604429ace869a | Job: job_d0a792fb5a17decfa58b_664 | Dispatched to guinn698@gmail.com via mail driver 
[2026-08-02 08:15:13] [INFO] Campaign: cmp_e761c9a28b5604429ace869a | Job: job_78b58a7eacf77d05fb1b_665 | Dispatched to kihararocks48@gmail.com via mail driver 
[2026-08-02 08:15:13] [INFO] Campaign: cmp_e761c9a28b5604429ace869a | Job: job_7691e815c0ec2560c847_666 | Dispatched to decgreatest@gmail.com via mail driver 
[2026-08-02 08:15:14] [INFO] Campaign: cmp_e761c9a28b5604429ace869a | Job: job_14136b8fd27e49230aaf_667 | Dispatched to tkipkoech40@gmail.com via mail driver 
[2026-08-02 08:15:14] [INFO] Campaign: cmp_e761c9a28b5604429ace869a | Job: job_71d564711935041f8969_668 | Dispatched to kiysop98@gmail.com via mail driver 
[2026-08-02 08:15:14] [INFO] Campaign: cmp_e761c9a28b5604429ace869a | Job: job_7798ba0a104886dd6b29_669 | Dispatched to alekeymusyoka254@gmail.com via mail driver 
[2026-08-02 08:15:14] [INFO] Campaign: cmp_e761c9a28b5604429ace869a | Job: job_7f656a9b408bac9bef13_670 | Dispatched to shownation027@gmail.com via mail driver 
[2026-08-02 08:15:14] [INFO] Campaign: cmp_e761c9a28b5604429ace869a | Job: job_d5ca1faa9b6f3c3c0a16_671 | Dispatched to fxjokes5@gmail.com via mail driver 
[2026-08-02 08:15:15] [INFO] Campaign: cmp_e761c9a28b5604429ace869a | Job: job_b0b8c7c97e681742a493_672 | Dispatched to godfreynjega9@gmail.com via mail driver 
[2026-08-02 08:15:15] [INFO] Campaign: cmp_e761c9a28b5604429ace869a | Job: job_4c88a6f7ea635afe54f7_673 | Dispatched to tanuichepchumba45@gmail.com via mail driver 
[2026-08-02 08:15:15] [INFO] Campaign: cmp_e761c9a28b5604429ace869a | Job: job_4f1934254df5786835e2_674 | Dispatched to faicagirl.1@gmail.com via mail driver 
[2026-08-02 08:15:15] [INFO] Campaign: cmp_e761c9a28b5604429ace869a | Job: job_13c2b5f4001fa0a0be1d_675 | Dispatched to careykvn@gmail.com via mail driver 
[2026-08-02 08:15:16] [INFO] Campaign: cmp_e761c9a28b5604429ace869a | Job: job_a29e1ef56f5c66f43f0c_676 | Dispatched to mahoaga653@gmail.com via mail driver 
[2026-08-02 08:15:16] [INFO] Campaign: cmp_e761c9a28b5604429ace869a | Job: job_b1d0f63c10bf7910189a_677 | Dispatched to chwaqasahmed67@gmail.com via mail driver 
[2026-08-02 08:15:16] [INFO] Campaign: cmp_e761c9a28b5604429ace869a | Job: job_ccdad0f0304b14221f5c_678 | Dispatched to abigailkiboko@gmail.com via mail driver 
[2026-08-02 08:15:16] [INFO] Campaign: cmp_e761c9a28b5604429ace869a | Job: job_f305a746f0333d524314_679 | Dispatched to thairusheila@gmail.com via mail driver 
[2026-08-02 08:15:16] [INFO] Campaign: cmp_e761c9a28b5604429ace869a | Job: job_f7b4189d35c911ca4075_680 | Dispatched to victormurimi2716@gmail.com via mail driver 
[2026-08-02 08:15:17] [INFO] Campaign: cmp_e761c9a28b5604429ace869a | Job: job_6f1ea9816f2271c516b9_681 | Dispatched to machanjanicholas@gmail.com via mail driver 
[2026-08-02 08:15:17] [INFO] Campaign: cmp_e761c9a28b5604429ace869a | Job: job_903a56b86114c1182877_682 | Dispatched to richpriscilla119@gmail.com via mail driver 
[2026-08-02 08:15:19] [INFO] Campaign: cmp_e761c9a28b5604429ace869a | Job: job_ffeb7fc34c78e0b27c7a_683 | Dispatched to willynurfoodspices@gmail.com via mail driver 
[2026-08-02 08:15:19] [INFO] Campaign: cmp_e761c9a28b5604429ace869a | Job: job_11acfd48d7bf1fa0cd54_684 | Dispatched to kmediabox49@gmail.com via mail driver 
[2026-08-02 08:15:19] [INFO] Campaign: cmp_e761c9a28b5604429ace869a | Job: job_1cdbd616f76116e08427_685 | Dispatched to paulnjorige997@gmail.com via mail driver 
[2026-08-02 08:15:19] [INFO] Campaign: cmp_e761c9a28b5604429ace869a | Job: job_7fd19766a7a64149f384_686 | Dispatched to thiongop333@gmail.com via mail driver 
[2026-08-02 08:15:19] [INFO] Campaign: cmp_e761c9a28b5604429ace869a | Job: job_33df6499655a2ee8b8f2_687 | Dispatched to karisotrade@gmail.com via mail driver 
[2026-08-02 08:15:19] [INFO] Campaign: cmp_e761c9a28b5604429ace869a | Job: job_3c4acbe065d6d7b3a158_688 | Dispatched to tihzehm@gmail.com via mail driver 
[2026-08-02 08:15:20] [INFO] Campaign: cmp_e761c9a28b5604429ace869a | Job: job_39cfe83f30eb8b0c7bf7_689 | Dispatched to pmforex26@gmail.com via mail driver 
[2026-08-02 08:15:23] [INFO] Campaign: cmp_e761c9a28b5604429ace869a | Job: job_2f06d813dda93c242087_690 | Dispatched to ahmadumohdandule@gmail.com via mail driver 
[2026-08-02 08:15:26] [INFO] Campaign: cmp_e761c9a28b5604429ace869a | Job: job_0724c1e57345f354deaa_691 | Dispatched to gitongarobyn@gmail.com via mail driver 
[2026-08-02 08:15:26] [INFO] Campaign: cmp_e761c9a28b5604429ace869a | Job: job_b477e773e0ea67ffbac2_692 | Dispatched to abdouazizgibba@gmail.com via mail driver 
[2026-08-02 08:15:26] [INFO] Campaign: cmp_e761c9a28b5604429ace869a | Job: job_17038941e0878d3a5670_693 | Dispatched to lastomuhammad263@gmail.com via mail driver 
[2026-08-02 08:15:26] [INFO] Campaign: cmp_e761c9a28b5604429ace869a | Job: job_fb155f1902784f159476_694 | Dispatched to kindermodikwa05@gmail.com via mail driver 
[2026-08-02 08:15:27] [INFO] Campaign: cmp_e761c9a28b5604429ace869a | Job: job_995e88bca21c052d6905_695 | Dispatched to pmuguro692@gmail.com via mail driver 
[2026-08-02 08:15:27] [INFO] Campaign: cmp_e761c9a28b5604429ace869a | Job: job_c59d8f81e90b831969d4_696 | Dispatched to mbuyu780@gmail.com via mail driver 
[2026-08-02 08:15:27] [INFO] Campaign: cmp_e761c9a28b5604429ace869a | Job: job_65b06fb6217128a46556_697 | Dispatched to romileo2023@gmail.com via mail driver 
[2026-08-02 08:15:27] [INFO] Campaign: cmp_e761c9a28b5604429ace869a | Job: job_d323e6aa8017049e8949_698 | Dispatched to kulaykassim1@gmail.com via mail driver 
[2026-08-02 08:15:27] [INFO] Campaign: cmp_e761c9a28b5604429ace869a | Job: job_35e83c0d8804ce6e72cd_699 | Dispatched to george18omondi@gmail.com via mail driver 
[2026-08-02 08:15:28] [INFO] Campaign: cmp_e761c9a28b5604429ace869a | Job: job_a38a96c7a9cc7339dc8e_700 | Dispatched to gitonganancy247@gmail.com via mail driver 
[2026-08-02 08:15:28] [INFO] Campaign: cmp_e761c9a28b5604429ace869a | Job: job_fe622b98c94331f22367_701 | Dispatched to paulineoppo88@gmail.com via mail driver 
[2026-08-02 08:15:28] [INFO] Campaign: cmp_e761c9a28b5604429ace869a | Job: job_5ab234f43101c6085e9f_702 | Dispatched to kelvine.muia@gmail.com via mail driver 
[2026-08-02 08:15:28] [INFO] Campaign: cmp_e761c9a28b5604429ace869a | Job: job_b5a69b95c2ab21403223_703 | Dispatched to intrextechnologies@gmail.com via mail driver 
[2026-08-02 08:15:29] [INFO] Campaign: cmp_e761c9a28b5604429ace869a | Job: job_2cba5eddff61e32371b1_704 | Dispatched to maotomatome07@gmail.com via mail driver 
[2026-08-02 08:15:29] [INFO] Campaign: cmp_e761c9a28b5604429ace869a | Job: job_3f1fc6c7ab5f5a3ca854_705 | Dispatched to mbuguajane12@gmail.com via mail driver 
[2026-08-02 08:15:29] [INFO] Campaign: cmp_e761c9a28b5604429ace869a | Job: job_5ba8537b0690c8899ec4_706 | Dispatched to xtinnie40@gmail.com via mail driver 
[2026-08-02 08:15:29] [INFO] Campaign: cmp_e761c9a28b5604429ace869a | Job: job_459b380db160c6b9849b_707 | Dispatched to malvinnjue93@gmail.com via mail driver 
[2026-08-02 08:15:29] [INFO] Campaign: cmp_e761c9a28b5604429ace869a | Job: job_8277e38a07039aa8cf60_708 | Dispatched to zackcollins927@gmail.com via mail driver 
[2026-08-02 08:15:29] [INFO] Campaign: cmp_e761c9a28b5604429ace869a | Job: job_10546e2b5d428b061708_709 | Dispatched to tonymwanzia17@gmail.com via mail driver 
[2026-08-02 08:15:30] [INFO] Campaign: cmp_e761c9a28b5604429ace869a | Job: job_e4b2f9f84c1e91cf7978_710 | Dispatched to jobra780@gmail.com via mail driver 
[2026-08-02 08:15:30] [INFO] Campaign: cmp_e761c9a28b5604429ace869a | Job: job_c418108e2d9530615c4c_711 | Dispatched to opiyoalfred360@gmail.com via mail driver 
[2026-08-02 08:15:30] [INFO] Campaign: cmp_e761c9a28b5604429ace869a | Job: job_d3110c86bbd230c42cc2_712 | Dispatched to mumomwongela21@gmail.com via mail driver 
[2026-08-02 08:15:31] [INFO] Campaign: cmp_e761c9a28b5604429ace869a | Job: job_afaa9ada199d1be4be63_713 | Dispatched to hawazimran@gmail.com via mail driver 
[2026-08-02 08:15:31] [INFO] Campaign: cmp_e761c9a28b5604429ace869a | Job: job_df76d0f398e1b660085a_714 | Dispatched to eltonbrian2019@gmail.com via mail driver 
[2026-08-02 08:15:31] [INFO] Campaign: cmp_e761c9a28b5604429ace869a | Job: job_3cd9c28bf7a663421d6d_715 | Dispatched to munachisovalentine@gmail.com via mail driver 
[2026-08-02 08:15:31] [INFO] Campaign: cmp_e761c9a28b5604429ace869a | Job: job_47d8c0ba825c4b91c788_716 | Dispatched to otenyo.omundi@gmail.com via mail driver 
[2026-08-02 08:15:32] [INFO] Campaign: cmp_e761c9a28b5604429ace869a | Job: job_63048263813fe54badc6_717 | Dispatched to ctnuzande@gmail.com via mail driver 
[2026-08-02 08:15:32] [INFO] Campaign: cmp_e761c9a28b5604429ace869a | Job: job_b9dbf8750065a968e290_718 | Dispatched to victormwini254@gmail.com via mail driver 
[2026-08-02 08:15:32] [INFO] Campaign: cmp_e761c9a28b5604429ace869a | Job: job_d5fcaa726a278ecb3b29_719 | Dispatched to gakurusamson888@gmail.com via mail driver 
[2026-08-02 08:15:32] [INFO] Campaign: cmp_e761c9a28b5604429ace869a | Job: job_26f1b67c61b78b27c6ad_720 | Dispatched to collinschim45@gmail.com via mail driver 
[2026-08-02 08:15:33] [INFO] Campaign: cmp_e761c9a28b5604429ace869a | Job: job_d19746dced342db1da0b_721 | Dispatched to gwyrlke@gmail.com via mail driver 
[2026-08-02 08:15:33] [INFO] Campaign: cmp_e761c9a28b5604429ace869a | Job: job_8c07217cdf9d7d61511b_722 | Dispatched to geoffreyndeto32@gmail.com via mail driver 
[2026-08-02 08:15:33] [INFO] Campaign: cmp_e761c9a28b5604429ace869a | Job: job_298aec3efa0411084f9e_723 | Dispatched to johnallan851@gmail.com via mail driver 
[2026-08-02 08:15:33] [INFO] Campaign: cmp_e761c9a28b5604429ace869a | Job: job_79a9d763b70e58b4eb8a_724 | Dispatched to georgemutua43@gmail.com via mail driver 
[2026-08-02 08:15:33] [INFO] Campaign: cmp_e761c9a28b5604429ace869a | Job: N/A | Campaign completed all email dispatches 
